Date,Store,Product,Category,Region,Units_Sold,Price,Discount,Promotion,Customer_Age,Rating,Revenue
2023-01-01,Store_D,Smartwatch,Accessories,South,12,150,0.29,No,60.0,4.5,1280.64
2023-01-01,Store_A,Smartwatch,Accessories,West,1,150,0.23,Yes,42.0,4.8,138.89
2023-01-02,Store_C,Tablet,Electronics,East,13,350,0.28,No,19.0,4.1,3289.52
2023-01-02,Store_C,Smartwatch,Accessories,North,9,150,0.29,No,25.0,3.8,962.46
2023-01-04,Store_E,Tablet,Electronics,North,5,350,0.12,No,46.0,3.5,1552.71
2023-01-04,Store_C,Phone,Electronics,East,12,500,0.12,No,21.0,3.2,5323.56
2023-01-05,Store_B,Laptop,Electronics,West,12,700,0.2,No,43.0,3.2,6789.27
2023-01-05,Store_D,Phone,Electronics,East,11,500,0.2,No,23.0,2.9,4445.36
2023-01-06,Store_A,Tablet,Electronics,North,8,350,0.09,No,18.0,5.0,2579.5
2023-01-07,Store_B,Phone,Electronics,South,4,500,0.27,Yes,57.0,4.3,1777.26
2023-01-08,Store_C,Phone,Electronics,North,10,500,0.22,No,31.0,3.0,3964.2
2023-01-09,Store_A,Headphones,Accessories,North,1,80,0.11,No,20.0,,72.52
2023-01-10,Store_D,Tablet,Electronics,South,9,350,0.02,Yes,21.0,3.0,3780.49
2023-01-10,Store_C,Phone,Electronics,North,10,500,0.26,No,58.0,4.4,3776.0
2023-01-11,Store_C,Smartwatch,Accessories,West,9,150,0.06,No,27.0,4.5,1297.64
2023-01-12,Store_C,Tablet,Electronics,South,10,350,0.25,Yes,19.0,5.0,3227.48
2023-01-13,Store_A,Smartwatch,Accessories,South,7,150,0.29,Yes,59.0,4.1,918.41
2023-01-14,Store_C,Laptop,Electronics,North,13,700,0.19,Yes,50.0,2.6,9098.36
2023-01-15,Store_E,Laptop,Electronics,North,5,700,0.14,Yes,44.0,3.0,3722.61
2023-01-15,Store_D,Headphones,Accessories,North,2,80,0.22,No,43.0,3.3,128.62
2023-01-17,Store_E,Phone,Electronics,North,12,500,0.17,No,31.0,3.0,5152.28
2023-01-18,Store_E,Phone,Electronics,West,10,500,0.01,Yes,43.0,2.9,6157.2
2023-01-18,Store_D,Smartwatch,Accessories,East,5,150,0.09,Yes,25.0,3.7,848.95
2023-01-20,Store_C,Smartwatch,Accessories,South,5,150,0.03,Yes,30.0,4.1,908.34
2023-01-21,Store_E,Phone,Electronics,East,2,500,0.18,No,27.0,3.7,854.78
2023-01-22,Store_E,Smartwatch,Accessories,South,1,150,0.24,No,62.0,4.5,119.05
2023-01-23,Store_E,Tablet,Electronics,North,5,350,0.19,No,24.0,2.7,1483.06
2023-01-23,Store_A,Tablet,Electronics,North,7,350,0.18,No,59.0,2.6,2101.92
2023-01-25,Store_C,Headphones,Accessories,North,4,80,0.19,No,47.0,3.9,272.17
2023-01-25,Store_E,Smartwatch,Accessories,West,2,150,0.15,Yes,55.0,4.8,321.31
2023-01-27,Store_E,Headphones,Accessories,West,8,80,0.2,No,58.0,3.2,539.52
2023-01-28,Store_C,Laptop,Electronics,South,9,700,0.04,Yes,60.0,,7661.06
2023-01-28,Store_D,Headphones,Accessories,West,5,80,0.22,Yes,31.0,3.2,395.21
2023-01-29,Store_E,Tablet,Electronics,North,5,350,0.2,No,35.0,3.4,1480.38
2023-01-29,Store_E,Phone,Electronics,North,6,500,0.11,No,32.0,4.4,2823.29
2023-02-01,Store_B,Phone,Electronics,South,4,500,0.24,No,31.0,3.5,1615.41
2023-02-03,Store_B,Laptop,Electronics,East,8,700,0.26,No,42.0,3.5,4418.55
2023-02-03,Store_C,Smartwatch,Accessories,West,11,150,0.23,Yes,37.0,3.1,1625.61
2023-02-04,Store_E,Tablet,Electronics,West,13,350,0.25,No,21.0,3.8,3644.43
2023-02-04,Store_C,Phone,Electronics,West,4,500,0.08,Yes,23.0,4.8,2358.06
2023-02-05,Store_B,Smartwatch,Accessories,East,2,150,0.06,Yes,29.0,3.5,361.97
2023-02-06,Store_E,Tablet,Electronics,West,15,350,0.11,No,33.0,3.7,5005.77
2023-02-07,Store_C,Smartwatch,Accessories,North,2,150,0.01,No,43.0,4.6,318.67
2023-02-08,Store_E,Tablet,Electronics,North,13,350,0.16,Yes,21.0,3.1,4928.56
2023-02-10,Store_B,Smartwatch,Accessories,East,6,150,0.07,Yes,45.0,4.2,1082.53
2023-02-10,Store_A,Phone,Electronics,South,7,500,0.2,Yes,47.0,4.5,3621.38
2023-02-10,Store_D,Smartwatch,Accessories,East,13,150,0.01,Yes,32.0,3.2,2496.81
2023-02-11,Store_A,Phone,Electronics,East,5,500,0.17,No,30.0,4.9,2239.65
2023-02-12,Store_C,Laptop,Electronics,East,9,700,0.1,No,65.0,3.6,6128.64
2023-02-16,Store_E,Smartwatch,Accessories,West,8,150,0.04,Yes,33.0,4.5,1502.38
2023-02-16,Store_D,Phone,Electronics,West,6,500,0.15,No,51.0,3.4,2771.32
2023-02-16,Store_E,Phone,Electronics,South,1,500,0.27,No,57.0,4.9,396.68
2023-02-16,Store_E,Smartwatch,Accessories,North,3,150,0.2,Yes,38.0,2.5,469.49
2023-02-17,Store_A,Phone,Electronics,West,1,500,0.16,No,18.0,3.1,457.05
2023-02-20,Store_D,Laptop,Electronics,East,11,700,0.09,Yes,23.0,4.6,9184.36
2023-02-20,Store_E,Laptop,Electronics,West,12,700,0.25,No,39.0,4.8,6881.39
2023-02-20,Store_A,Phone,Electronics,East,12,500,0.27,No,61.0,3.1,4784.2
2023-02-22,Store_C,Headphones,Accessories,North,12,80,0.22,No,58.0,4.2,819.84
2023-02-23,Store_A,Phone,Electronics,West,9,500,0.2,No,30.0,3.9,3946.02
2023-02-24,Store_C,Phone,Electronics,West,9,500,0.22,No,,3.0,3851.66
2023-02-24,Store_A,Headphones,Accessories,North,14,80,0.0,No,45.0,4.2,1229.02
2023-02-25,Store_D,Laptop,Electronics,East,6,700,0.26,No,46.0,4.6,3414.24
2023-02-27,Store_A,Phone,Electronics,East,10,500,0.07,Yes,30.0,2.9,6142.63
2023-02-28,Store_D,Smartwatch,Accessories,East,13,150,0.06,No,59.0,3.6,2019.85
2023-03-02,Store_D,Smartwatch,Accessories,West,5,150,0.08,Yes,41.0,4.9,914.15
2023-03-03,Store_C,Headphones,Accessories,East,15,80,0.23,Yes,36.0,4.5,1225.3
2023-03-04,Store_B,Phone,Electronics,East,15,500,0.12,No,36.0,3.2,7299.91
2023-03-04,Store_B,Headphones,Accessories,West,11,80,0.23,Yes,43.0,2.9,899.35
2023-03-06,Store_E,Tablet,Electronics,North,5,350,0.29,No,65.0,3.0,1376.59
2023-03-08,Store_C,Tablet,Electronics,West,3,350,0.14,No,23.0,2.8,1002.02
2023-03-10,Store_E,Smartwatch,Accessories,North,11,150,0.18,Yes,53.0,4.6,1804.26
2023-03-10,Store_B,Laptop,Electronics,South,13,700,0.07,No,53.0,3.7,9404.67
2023-03-16,Store_B,Laptop,Electronics,North,3,700,0.06,No,60.0,3.6,2201.61
2023-03-16,Store_B,Laptop,Electronics,West,5,700,0.15,Yes,39.0,3.6,3981.64
2023-03-16,Store_B,Headphones,Accessories,West,4,80,0.06,Yes,43.0,4.3,402.58
2023-03-16,Store_B,Phone,Electronics,North,10,500,0.15,Yes,21.0,3.6,5688.06
2023-03-17,Store_B,Smartwatch,Accessories,South,6,150,0.14,No,33.0,,863.68
2023-03-19,Store_A,Laptop,Electronics,North,9,700,0.06,No,41.0,5.0,6614.09
2023-03-19,Store_B,Laptop,Electronics,North,15,700,0.19,Yes,25.0,3.5,11398.75
2023-03-21,Store_A,Smartwatch,Accessories,North,5,150,0.23,Yes,24.0,4.6,774.59
2023-03-22,Store_E,Headphones,Accessories,East,9,80,0.29,Yes,55.0,3.7,685.9
2023-03-23,Store_C,Laptop,Electronics,South,11,700,0.12,No,49.0,3.2,7578.71
2023-03-24,Store_A,Smartwatch,Accessories,East,4,150,0.12,Yes,51.0,4.5,708.86
2023-03-27,Store_D,Laptop,Electronics,North,3,700,0.23,No,19.0,5.0,1810.23
2023-03-28,Store_C,Tablet,Electronics,East,7,350,0.24,No,44.0,2.5,2084.83
2023-03-29,Store_C,Smartwatch,Accessories,West,9,150,0.21,No,31.0,3.2,1194.27
2023-03-30,Store_C,Headphones,Accessories,West,4,80,0.03,Yes,41.0,3.1,417.14
2023-03-31,Store_D,Smartwatch,Accessories,North,13,150,0.08,No,23.0,4.9,2009.23
2023-03-31,Store_E,Headphones,Accessories,West,11,80,0.07,No,56.0,4.2,916.58
2023-03-31,Store_C,Tablet,Electronics,North,8,350,0.02,No,62.0,2.5,3073.2
2023-04-01,Store_A,Smartwatch,Accessories,South,9,150,0.17,No,46.0,4.1,1254.96
2023-04-02,Store_D,Laptop,Electronics,North,6,700,0.16,No,34.0,4.0,3951.33
2023-04-03,Store_E,Phone,Electronics,East,1,500,0.16,No,48.0,3.5,470.38
2023-04-04,Store_C,Tablet,Electronics,South,1,350,0.12,No,50.0,3.8,344.92
2023-04-05,Store_B,Headphones,Accessories,West,3,80,0.0,Yes,43.0,2.8,322.49
2023-04-05,Store_A,Tablet,Electronics,North,1,350,0.27,Yes,20.0,3.3,343.32
2023-04-05,Store_E,Tablet,Electronics,West,11,350,0.18,No,34.0,3.6,3535.08
2023-04-06,Store_E,Phone,Electronics,South,10,500,0.06,No,38.0,3.3,5262.17
2023-04-06,Store_D,Headphones,Accessories,South,8,80,0.19,Yes,50.0,3.5,696.49
2023-04-06,Store_C,Headphones,Accessories,East,2,80,0.12,No,51.0,2.8,157.64
2023-04-08,Store_E,Laptop,Electronics,South,5,700,0.02,Yes,25.0,4.1,4606.66
2023-04-09,Store_B,Smartwatch,Accessories,East,5,150,0.22,No,,4.5,654.59
2023-04-09,Store_C,Headphones,Accessories,East,9,80,0.27,No,23.0,3.2,588.12
2023-04-09,Store_E,Laptop,Electronics,North,15,700,0.3,No,24.0,2.8,8224.3
2023-04-13,Store_B,Headphones,Accessories,North,1,80,0.14,Yes,26.0,3.3,92.27
2023-04-14,Store_A,Laptop,Electronics,North,3,700,0.06,No,18.0,3.9,2205.26
2023-04-14,Store_E,Laptop,Electronics,East,10,700,0.16,No,,3.3,6568.86
2023-04-15,Store_D,Smartwatch,Accessories,East,6,150,0.14,No,57.0,2.5,864.32
2023-04-17,Store_C,Smartwatch,Accessories,South,3,150,0.12,Yes,47.0,3.8,530.16
2023-04-19,Store_A,Headphones,Accessories,East,1,80,0.01,No,48.0,2.8,88.27
2023-04-19,Store_B,Phone,Electronics,North,7,500,0.28,No,56.0,3.4,2808.51
2023-04-21,Store_D,Tablet,Electronics,West,7,350,0.25,No,22.0,2.8,2045.47
2023-04-21,Store_A,Tablet,Electronics,West,9,350,0.17,No,22.0,3.3,2910.42
2023-04-21,Store_B,Smartwatch,Accessories,South,4,150,0.19,No,42.0,3.6,541.01
2023-04-23,Store_A,Phone,Electronics,West,8,500,0.23,No,39.0,2.6,3424.18
2023-04-23,Store_D,Smartwatch,Accessories,East,7,150,0.04,Yes,35.0,4.4,1344.77
2023-04-24,Store_A,Laptop,Electronics,East,3,700,0.03,No,27.0,2.9,2263.06
2023-04-25,Store_E,Headphones,Accessories,East,13,80,0.19,Yes,20.0,3.2,1122.25
2023-04-27,Store_A,Phone,Electronics,West,2,500,0.07,Yes,39.0,3.7,1237.06
2023-04-27,Store_B,Headphones,Accessories,South,3,80,0.0,No,30.0,4.4,266.03
2023-04-28,Store_A,Smartwatch,Accessories,North,6,150,0.0,No,44.0,4.3,996.82
2023-04-28,Store_E,Smartwatch,Accessories,West,10,150,0.01,Yes,45.0,2.9,1973.7
2023-04-30,Store_A,Smartwatch,Accessories,South,4,150,0.01,Yes,62.0,4.3,788.13
2023-05-02,Store_D,Laptop,Electronics,West,9,700,0.02,No,50.0,2.7,6814.02
2023-05-03,Store_E,Smartwatch,Accessories,East,8,150,0.16,No,45.0,4.4,1111.43
2023-05-06,Store_A,Smartwatch,Accessories,South,11,150,0.13,No,52.0,4.8,1577.99
2023-05-06,Store_A,Tablet,Electronics,North,8,350,0.01,No,21.0,3.7,3047.16
2023-05-07,Store_C,Laptop,Electronics,West,7,700,0.27,No,34.0,3.2,3927.86
2023-05-08,Store_B,Smartwatch,Accessories,West,14,150,0.07,Yes,43.0,3.6,2570.66
2023-05-08,Store_A,Headphones,Accessories,West,14,80,0.09,Yes,65.0,3.0,1341.53
2023-05-08,Store_D,Tablet,Electronics,North,1,350,0.16,Yes,26.0,4.9,386.98
2023-05-10,Store_C,Tablet,Electronics,East,9,350,0.07,No,57.0,,3206.02
2023-05-11,Store_E,Smartwatch,Accessories,West,5,150,0.27,No,47.0,4.6,598.47
2023-05-12,Store_C,Smartwatch,Accessories,South,1,150,0.29,Yes,55.0,2.6,139.53
2023-05-13,Store_A,Headphones,Accessories,North,7,80,0.01,No,24.0,3.2,604.54
2023-05-14,Store_D,Headphones,Accessories,North,3,80,0.3,Yes,53.0,2.9,219.56
2023-05-15,Store_A,Laptop,Electronics,North,10,700,0.18,No,35.0,2.9,6243.27
2023-05-18,Store_E,Smartwatch,Accessories,South,1,150,0.07,No,58.0,5.0,151.13
2023-05-19,Store_B,Tablet,Electronics,North,14,350,0.2,No,32.0,3.2,4240.8
2023-05-20,Store_E,Smartwatch,Accessories,North,8,150,0.29,Yes,30.0,2.7,1104.51
2023-05-21,Store_E,Laptop,Electronics,East,1,700,0.28,No,62.0,4.1,543.7
2023-05-23,Store_A,Smartwatch,Accessories,South,12,150,0.0,No,39.0,4.2,1936.1
2023-05-24,Store_A,Smartwatch,Accessories,South,4,150,0.23,Yes,62.0,3.1,595.42
2023-05-24,Store_A,Laptop,Electronics,East,4,700,0.16,No,,4.5,2526.04
2023-05-24,Store_D,Smartwatch,Accessories,South,12,150,0.18,No,55.0,5.0,1585.22
2023-05-25,Store_E,Phone,Electronics,West,4,500,0.03,No,46.0,3.7,2080.38
2023-05-25,Store_D,Smartwatch,Accessories,South,10,150,0.08,Yes,51.0,3.8,1775.83
2023-05-26,Store_B,Headphones,Accessories,North,14,80,0.2,Yes,55.0,3.6,1151.22
2023-05-27,Store_D,Smartwatch,Accessories,West,5,150,0.0,No,41.0,3.8,801.77
2023-05-27,Store_E,Laptop,Electronics,East,3,700,0.04,Yes,64.0,2.8,2586.18
2023-05-28,Store_E,Headphones,Accessories,West,14,80,0.24,Yes,58.0,5.0,1090.21
2023-05-30,Store_B,Tablet,Electronics,North,6,350,0.03,Yes,58.0,4.8,2600.52
2023-05-31,Store_A,Phone,Electronics,South,6,500,0.16,No,29.0,3.1,2676.52
2023-05-31,Store_A,Laptop,Electronics,North,11,700,0.12,No,34.0,4.3,7196.86
2023-06-01,Store_C,Smartwatch,Accessories,East,14,150,0.15,No,33.0,2.9,1892.7
2023-06-02,Store_D,Phone,Electronics,North,2,500,0.05,Yes,32.0,4.4,1206.74
2023-06-03,Store_A,Tablet,Electronics,South,6,350,0.09,No,47.0,3.5,2019.41
2023-06-03,Store_E,Laptop,Electronics,South,8,700,0.24,Yes,41.0,2.5,5396.94
2023-06-04,Store_B,Tablet,Electronics,West,7,350,0.28,No,62.0,4.8,1860.85
2023-06-05,Store_B,Tablet,Electronics,East,11,350,0.1,No,40.0,3.1,3648.85
2023-06-06,Store_B,Headphones,Accessories,South,5,80,0.21,No,32.0,3.1,332.18
2023-06-07,Store_A,Headphones,Accessories,South,3,80,0.13,Yes,45.0,4.9,262.92
2023-06-09,Store_C,Headphones,Accessories,North,3,80,0.28,Yes,62.0,3.5,216.8
2023-06-10,Store_C,Tablet,Electronics,West,8,350,0.1,No,41.0,2.5,2629.92
2023-06-11,Store_E,Phone,Electronics,North,5,500,0.25,No,36.0,3.4,1953.17
2023-06-11,Store_E,Tablet,Electronics,East,13,350,0.13,Yes,32.0,3.4,4948.23
2023-06-14,Store_D,Phone,Electronics,South,4,500,0.1,Yes,54.0,2.7,2237.39
2023-06-15,Store_D,Smartwatch,Accessories,East,2,150,0.17,No,24.0,4.5,257.43
2023-06-16,Store_C,Smartwatch,Accessories,West,5,150,0.07,Yes,24.0,,863.67
2023-06-16,Store_B,Tablet,Electronics,North,5,350,0.17,No,19.0,4.3,1498.79
2023-06-19,Store_C,Laptop,Electronics,North,4,700,0.26,Yes,43.0,4.5,2550.69
2023-06-21,Store_C,Smartwatch,Accessories,South,11,150,0.28,No,24.0,4.4,1213.91
2023-06-22,Store_A,Headphones,Accessories,East,11,80,0.21,Yes,33.0,2.7,850.74
2023-06-22,Store_E,Laptop,Electronics,South,10,700,0.26,Yes,59.0,3.6,6338.94
2023-06-22,Store_D,Headphones,Accessories,South,10,80,0.19,No,27.0,3.1,660.82
2023-06-26,Store_E,Phone,Electronics,East,10,500,0.19,No,24.0,4.3,4096.95
2023-06-26,Store_A,Smartwatch,Accessories,East,12,150,0.29,Yes,36.0,4.9,1551.38
2023-06-26,Store_C,Phone,Electronics,West,1,500,0.3,No,31.0,2.6,354.06
2023-06-30,Store_A,Tablet,Electronics,North,7,350,0.18,Yes,37.0,,2418.89
2023-07-01,Store_D,Tablet,Electronics,East,8,350,0.27,No,65.0,3.9,2046.64
2023-07-03,Store_D,Headphones,Accessories,East,1,80,0.29,No,28.0,3.1,56.64
2023-07-06,Store_C,Tablet,Electronics,North,4,350,0.03,Yes,49.0,3.6,1614.9
2023-07-07,Store_E,Tablet,Electronics,North,2,350,0.2,Yes,34.0,2.9,664.55
2023-07-09,Store_B,Laptop,Electronics,South,1,700,0.17,Yes,61.0,4.4,686.61
2023-07-09,Store_D,Headphones,Accessories,South,4,80,0.14,No,42.0,3.6,271.02
2023-07-09,Store_A,Headphones,Accessories,North,1,80,0.18,No,28.0,3.8,64.6
2023-07-10,Store_E,Smartwatch,Accessories,East,15,150,0.02,No,63.0,4.1,2167.01
2023-07-11,Store_A,Tablet,Electronics,North,14,350,0.0,No,53.0,4.3,4805.58
2023-07-13,Store_C,Tablet,Electronics,North,9,350,0.0,Yes,38.0,3.2,3691.81
2023-07-13,Store_C,Smartwatch,Accessories,North,13,150,0.25,No,59.0,4.2,1428.38
2023-07-15,Store_D,Headphones,Accessories,East,12,80,0.13,No,51.0,2.6,812.34
2023-07-17,Store_A,Phone,Electronics,East,12,500,0.06,No,47.0,3.8,5463.07
2023-07-17,Store_B,Laptop,Electronics,West,10,700,0.29,No,49.0,3.4,4814.09
2023-07-20,Store_E,Headphones,Accessories,North,14,80,0.16,No,43.0,3.2,905.71
2023-07-21,Store_D,Phone,Electronics,North,15,500,0.01,Yes,40.0,3.1,8560.2
2023-07-21,Store_B,Laptop,Electronics,North,6,700,0.09,No,53.0,3.3,3671.95
2023-07-22,Store_C,Smartwatch,Accessories,West,5,150,0.22,Yes,,4.4,673.07
2023-07-22,Store_C,Smartwatch,Accessories,East,3,150,0.25,No,56.0,4.5,323.59
2023-07-24,Store_D,Phone,Electronics,North,10,500,0.17,No,,3.2,3963.02
2023-07-25,Store_B,Tablet,Electronics,North,6,350,0.09,No,18.0,4.0,1821.25
2023-07-26,Store_A,Tablet,Electronics,West,9,350,0.21,No,27.0,4.3,2366.92
2023-07-27,Store_A,Smartwatch,Accessories,West,14,150,0.21,No,25.0,3.5,1574.83
2023-08-02,Store_B,Headphones,Accessories,South,12,80,0.14,No,41.0,2.6,774.69
2023-08-03,Store_E,Laptop,Electronics,North,14,700,0.04,Yes,60.0,2.6,10573.5
2023-08-04,Store_E,Headphones,Accessories,West,14,80,0.11,Yes,18.0,3.6,1118.2
2023-08-05,Store_C,Phone,Electronics,East,11,500,0.1,No,37.0,3.0,4618.86
2023-08-05,Store_B,Laptop,Electronics,West,12,700,0.22,No,46.0,3.5,6113.7
2023-08-05,Store_C,Laptop,Electronics,West,5,700,0.22,Yes,21.0,3.8,3056.85
2023-08-06,Store_B,Phone,Electronics,South,5,500,0.08,No,62.0,2.7,2142.22
2023-08-06,Store_B,Laptop,Electronics,North,3,700,0.16,Yes,63.0,3.1,1971.59
2023-08-08,Store_B,Smartwatch,Accessories,East,9,150,0.16,No,23.0,3.3,1052.41
2023-08-12,Store_B,Phone,Electronics,South,8,500,0.03,Yes,53.0,3.3,4291.07
2023-08-13,Store_E,Tablet,Electronics,East,12,350,0.09,Yes,41.0,4.0,4219.81
2023-08-14,Store_D,Smartwatch,Accessories,West,11,150,0.14,No,53.0,4.1,1303.41
2023-08-16,Store_D,Tablet,Electronics,South,10,350,0.21,Yes,54.0,2.9,3037.82
2023-08-16,Store_E,Laptop,Electronics,South,7,700,0.04,Yes,22.0,4.2,5168.15
2023-08-17,Store_B,Phone,Electronics,North,15,500,0.2,Yes,24.0,5.0,6581.55
2023-08-18,Store_E,Smartwatch,Accessories,West,7,150,0.22,No,63.0,3.7,747.48
2023-08-19,Store_E,Phone,Electronics,East,10,500,0.25,Yes,46.0,2.6,4100.73
2023-08-19,Store_B,Smartwatch,Accessories,East,5,150,0.2,No,61.0,4.6,546.76
2023-08-21,Store_C,Tablet,Electronics,North,13,350,0.03,Yes,53.0,4.5,4811.84
2023-08-21,Store_E,Phone,Electronics,South,6,500,0.11,No,34.0,4.8,2425.82
2023-08-23,Store_E,Phone,Electronics,West,9,500,0.26,No,26.0,4.5,3016.74
2023-08-24,Store_A,Headphones,Accessories,North,14,80,0.06,No,63.0,3.0,952.43
2023-08-24,Store_A,Headphones,Accessories,North,14,80,0.24,No,,2.6,770.05
2023-08-25,Store_E,Phone,Electronics,North,14,500,0.17,No,26.0,4.8,5248.88
2023-08-27,Store_A,Phone,Electronics,East,11,500,0.01,No,57.0,2.7,4906.1
2023-08-30,Store_D,Tablet,Electronics,West,3,350,0.14,Yes,18.0,3.5,972.7
2023-08-31,Store_A,Phone,Electronics,South,8,500,0.05,No,63.0,3.8,3407.07
2023-09-01,Store_E,Tablet,Electronics,North,5,350,0.11,No,61.0,,1394.84
2023-09-03,Store_C,Smartwatch,Accessories,West,6,150,0.16,No,42.0,3.1,675.56
2023-09-04,Store_C,Smartwatch,Accessories,West,3,150,0.18,No,48.0,3.6,329.39
2023-09-04,Store_D,Headphones,Accessories,West,4,80,0.07,No,,3.3,265.65
2023-09-06,Store_A,Smartwatch,Accessories,West,1,150,0.12,No,57.0,3.2,117.6
2023-09-06,Store_C,Phone,Electronics,West,8,500,0.25,No,58.0,3.5,2672.62
2023-09-07,Store_B,Headphones,Accessories,East,15,80,0.11,No,28.0,3.2,950.55
2023-09-10,Store_E,Phone,Electronics,South,4,500,0.19,No,32.0,4.6,1438.07
2023-09-10,Store_B,Headphones,Accessories,South,2,80,0.0,No,51.0,2.8,142.03
2023-09-11,Store_A,Phone,Electronics,North,7,500,0.05,Yes,31.0,3.1,3539.09
2023-09-11,Store_A,Laptop,Electronics,West,2,700,0.16,No,37.0,4.2,1043.1
2023-09-13,Store_A,Headphones,Accessories,West,14,80,0.05,No,64.0,2.7,942.35
2023-09-15,Store_A,Tablet,Electronics,South,10,350,0.26,Yes,43.0,2.6,2748.97
2023-09-16,Store_C,Headphones,Accessories,West,14,80,0.09,No,40.0,3.6,900.91
2023-09-18,Store_D,Phone,Electronics,East,2,500,0.09,No,,3.1,803.49
2023-09-18,Store_A,Phone,Electronics,South,12,500,0.09,No,20.0,4.5,4820.96
2023-09-20,Store_E,Smartwatch,Accessories,North,15,150,0.03,No,64.0,3.5,1925.22
2023-09-21,Store_D,Phone,Electronics,South,13,500,0.0,Yes,36.0,3.3,6877.64
2023-09-22,Store_E,Laptop,Electronics,South,5,700,0.17,No,61.0,4.2,2560.51
2023-09-25,Store_D,Laptop,Electronics,West,12,700,0.05,Yes,28.0,4.3,8432.87
2023-09-26,Store_D,Phone,Electronics,West,12,500,0.12,No,33.0,4.6,4648.68
2023-09-27,Store_E,Phone,Electronics,East,15,500,0.16,No,44.0,2.8,5545.73
2023-09-27,Store_D,Laptop,Electronics,East,15,700,0.11,Yes,64.0,3.7,9871.41
2023-10-04,Store_E,Smartwatch,Accessories,South,7,150,0.28,No,47.0,3.3,665.41
2023-10-04,Store_B,Headphones,Accessories,East,8,80,0.04,Yes,60.0,4.4,648.93
2023-10-06,Store_A,Headphones,Accessories,North,12,80,0.26,No,51.0,4.3,625.48
2023-10-07,Store_E,Laptop,Electronics,East,5,700,0.03,Yes,62.0,3.1,3587.78
2023-10-07,Store_A,Tablet,Electronics,North,10,350,0.14,No,26.0,2.5,2650.76
2023-10-08,Store_E,Tablet,Electronics,East,6,350,0.25,Yes,65.0,4.7,1664.87
2023-10-11,Store_E,Tablet,Electronics,West,12,350,0.29,No,60.0,3.4,2629.51
2023-10-12,Store_B,Headphones,Accessories,West,9,80,0.06,No,23.0,4.5,597.05
2023-10-12,Store_A,Laptop,Electronics,East,7,700,0.17,Yes,45.0,3.9,4305.32
2023-10-12,Store_D,Laptop,Electronics,East,6,700,0.09,No,46.0,2.5,3371.64
2023-10-13,Store_E,Phone,Electronics,South,8,500,0.12,No,27.0,3.1,3106.66
2023-10-16,Store_B,Tablet,Electronics,South,11,350,0.26,No,28.0,4.2,2518.53
2023-10-16,Store_B,Tablet,Electronics,East,12,350,0.02,Yes,61.0,3.0,4366.28
2023-10-21,Store_D,Headphones,Accessories,North,4,80,0.17,No,26.0,2.8,235.61
2023-10-23,Store_A,Laptop,Electronics,North,10,700,0.24,No,24.0,3.0,4727.03
2023-10-23,Store_C,Laptop,Electronics,South,10,700,0.2,No,45.0,3.7,4975.82
2023-10-29,Store_B,Headphones,Accessories,East,7,80,0.18,No,49.0,3.3,410.39
2023-10-29,Store_A,Tablet,Electronics,West,14,350,0.19,Yes,61.0,3.6,4256.58
2023-10-30,Store_C,Laptop,Electronics,North,14,700,0.0,Yes,35.0,4.0,10521.52
2023-11-01,Store_B,Tablet,Electronics,East,13,350,0.08,Yes,39.0,3.4,4504.44
2023-11-09,Store_A,Phone,Electronics,North,11,500,0.17,No,19.0,3.6,4136.29
2023-11-09,Store_A,Tablet,Electronics,North,5,350,0.11,No,43.0,2.7,1411.23
2023-11-10,Store_C,Phone,Electronics,North,11,500,0.12,No,18.0,3.1,4391.75
2023-11-11,Store_D,Phone,Electronics,West,8,500,0.03,Yes,59.0,3.8,4230.97
2023-11-12,Store_A,Headphones,Accessories,South,14,80,0.14,Yes,44.0,3.7,1051.89
2023-11-14,Store_A,Phone,Electronics,North,5,500,0.12,Yes,21.0,3.1,2409.93
2023-11-14,Store_D,Laptop,Electronics,North,13,700,0.01,No,28.0,3.2,8223.89
2023-11-16,Store_C,Headphones,Accessories,West,4,80,0.24,No,34.0,4.9,222.71
2023-11-17,Store_A,Laptop,Electronics,South,15,700,0.0,No,64.0,4.1,9630.86
2023-11-17,Store_D,Headphones,Accessories,North,1,80,0.19,No,24.0,2.6,59.44
2023-11-20,Store_E,Laptop,Electronics,East,4,700,0.18,No,33.0,3.7,2116.49
2023-11-22,Store_C,Tablet,Electronics,East,8,350,0.16,Yes,51.0,3.8,2610.7
2023-11-23,Store_E,Headphones,Accessories,East,3,80,0.15,No,48.0,4.0,189.03
2023-11-24,Store_A,Phone,Electronics,East,9,500,0.02,Yes,30.0,4.4,4912.35
2023-11-25,Store_C,Tablet,Electronics,East,15,350,0.07,Yes,57.0,3.7,5448.44
2023-11-26,Store_C,Laptop,Electronics,West,9,700,0.1,Yes,63.0,2.6,6338.69
2023-11-27,Store_C,Headphones,Accessories,North,3,80,0.01,No,31.0,4.2,221.76
2023-11-30,Store_A,Phone,Electronics,West,13,500,0.12,Yes,60.0,4.4,6442.23
2023-12-02,Store_B,Tablet,Electronics,South,4,350,0.17,No,38.0,2.7,1094.76
2023-12-03,Store_B,Laptop,Electronics,East,7,700,0.18,No,51.0,4.4,3792.8
2023-12-04,Store_A,Smartwatch,Accessories,South,4,150,0.23,Yes,51.0,3.8,524.34
2023-12-04,Store_C,Laptop,Electronics,North,7,700,0.14,No,33.0,4.6,3985.54
2023-12-04,Store_A,Laptop,Electronics,West,14,700,0.11,No,46.0,4.1,8249.14
2023-12-05,Store_E,Phone,Electronics,West,15,500,0.05,No,52.0,3.1,6751.9
2023-12-07,Store_A,Smartwatch,Accessories,East,11,150,0.06,No,41.0,2.5,1475.59
2023-12-08,Store_A,Headphones,Accessories,West,4,80,0.12,Yes,40.0,,322.13
2023-12-10,Store_C,Laptop,Electronics,East,12,700,0.04,No,34.0,4.8,7718.09
2023-12-12,Store_A,Phone,Electronics,East,11,500,0.02,No,24.0,,5179.71
2023-12-12,Store_B,Headphones,Accessories,West,6,80,0.01,Yes,32.0,4.1,547.99
2023-12-12,Store_C,Smartwatch,Accessories,North,1,150,0.05,Yes,30.0,4.7,164.33
2023-12-13,Store_E,Phone,Electronics,West,1,500,0.1,Yes,62.0,3.0,519.99
2023-12-14,Store_C,Headphones,Accessories,North,6,80,0.28,Yes,47.0,3.9,400.17
2023-12-16,Store_B,Laptop,Electronics,West,9,700,0.02,No,39.0,3.5,5981.86
2023-12-16,Store_C,Laptop,Electronics,East,3,700,0.28,No,49.0,4.7,1464.95
2023-12-22,Store_B,Smartwatch,Accessories,East,8,150,0.15,No,36.0,3.3,1000.61
2023-12-23,Store_D,Laptop,Electronics,North,15,700,0.21,No,57.0,3.3,8154.21
2023-12-24,Store_E,Phone,Electronics,West,14,500,0.19,Yes,48.0,4.5,6702.43
2023-12-26,Store_A,Laptop,Electronics,East,6,700,0.12,Yes,52.0,3.0,4387.2
2023-12-29,Store_E,Laptop,Electronics,East,12,700,0.3,No,38.0,2.6,5852.7
2023-12-29,Store_E,Phone,Electronics,East,15,500,0.12,Yes,32.0,4.9,7883.22
2023-12-31,Store_D,Laptop,Electronics,West,6,700,0.12,Yes,44.0,4.8,4432.91
2024-01-05,Store_B,Headphones,Accessories,West,5,80,0.09,No,45.0,3.7,367.75
2024-01-06,Store_C,Smartwatch,Accessories,East,9,150,0.2,No,23.0,4.5,1093.35
2024-01-08,Store_D,Smartwatch,Accessories,North,2,150,0.1,No,37.0,4.6,274.44
2024-01-09,Store_C,Smartwatch,Accessories,North,7,150,0.16,Yes,31.0,4.7,1077.99
2024-01-11,Store_E,Phone,Electronics,North,2,500,0.28,No,46.0,3.1,736.25
2024-01-14,Store_B,Laptop,Electronics,North,15,700,0.08,Yes,19.0,3.2,11923.78
2024-01-15,Store_A,Phone,Electronics,East,13,500,0.08,No,56.0,2.8,6163.12
2024-01-15,Store_E,Smartwatch,Accessories,South,6,150,0.28,No,37.0,3.2,667.84
2024-01-20,Store_B,Tablet,Electronics,North,9,350,0.05,No,35.0,3.0,3113.62
2024-01-20,Store_D,Tablet,Electronics,North,11,350,0.0,No,42.0,3.3,4005.83
2024-01-21,Store_A,Phone,Electronics,East,14,500,0.05,No,33.0,3.2,6932.05
2024-01-21,Store_A,Phone,Electronics,North,14,500,0.18,No,50.0,3.8,5983.45
2024-01-22,Store_C,Tablet,Electronics,South,13,350,0.21,Yes,26.0,4.0,4504.65
2024-01-23,Store_C,Tablet,Electronics,East,4,350,0.14,No,65.0,2.8,1259.68
2024-01-24,Store_A,Smartwatch,Accessories,West,9,150,0.08,No,,3.6,1301.8
2024-01-25,Store_D,Headphones,Accessories,North,4,80,0.23,Yes,39.0,3.1,310.47
2024-01-26,Store_D,Phone,Electronics,North,11,500,0.02,No,35.0,3.6,5669.74
2024-01-27,Store_B,Headphones,Accessories,South,1,80,0.25,No,47.0,2.7,63.23
2024-01-28,Store_B,Laptop,Electronics,East,8,700,0.25,No,50.0,4.3,4433.48
2024-01-31,Store_E,Phone,Electronics,South,14,500,0.02,Yes,50.0,4.5,8734.17
2024-01-31,Store_B,Headphones,Accessories,East,1,80,0.21,No,23.0,2.6,67.06
2024-01-31,Store_B,Smartwatch,Accessories,North,8,150,0.24,No,57.0,3.0,967.63
2024-01-31,Store_A,Smartwatch,Accessories,North,11,150,0.28,No,51.0,4.9,1260.47
2024-02-01,Store_E,Laptop,Electronics,East,6,700,0.28,No,26.0,4.2,3213.82
2024-02-01,Store_A,Smartwatch,Accessories,North,5,150,0.28,No,58.0,4.5,573.9
2024-02-02,Store_D,Headphones,Accessories,East,11,80,0.27,No,47.0,4.2,683.85
2024-02-02,Store_D,Phone,Electronics,East,6,500,0.14,Yes,61.0,4.6,3295.76
2024-02-02,Store_C,Smartwatch,Accessories,West,1,150,0.16,Yes,54.0,3.7,160.96
2024-02-04,Store_A,Phone,Electronics,West,11,500,0.1,Yes,36.0,4.4,6343.7
2024-02-05,Store_A,Smartwatch,Accessories,South,5,150,0.04,No,27.0,2.6,770.15
2024-02-05,Store_A,Headphones,Accessories,North,1,80,0.25,Yes,49.0,3.6,77.02
2024-02-05,Store_A,Tablet,Electronics,East,5,350,0.27,Yes,56.0,2.8,1639.78
2024-02-06,Store_D,Smartwatch,Accessories,East,14,150,0.01,No,25.0,2.6,2227.28
2024-02-06,Store_E,Headphones,Accessories,West,2,80,0.23,Yes,64.0,4.7,158.38
2024-02-07,Store_D,Smartwatch,Accessories,West,12,150,0.09,No,46.0,3.1,1757.53
2024-02-08,Store_D,Tablet,Electronics,West,4,350,0.05,No,40.0,2.8,1429.22
2024-02-09,Store_C,Smartwatch,Accessories,East,13,150,0.06,Yes,45.0,3.1,2367.23
2024-02-11,Store_C,Phone,Electronics,East,8,500,0.19,No,62.0,4.3,3497.1
2024-02-12,Store_A,Laptop,Electronics,South,12,700,0.22,No,19.0,4.9,7081.98
2024-02-17,Store_C,Laptop,Electronics,South,8,700,0.15,No,41.0,4.9,5179.85
2024-02-22,Store_D,Tablet,Electronics,South,12,350,0.11,No,53.0,4.5,4092.62
2024-02-22,Store_E,Phone,Electronics,South,4,500,0.14,No,57.0,4.7,1883.17
2024-02-23,Store_E,Tablet,Electronics,North,12,350,0.01,No,39.0,3.4,4557.66
2024-02-24,Store_E,Tablet,Electronics,East,9,350,0.16,Yes,42.0,2.7,3484.27
2024-02-24,Store_B,Smartwatch,Accessories,West,7,150,0.07,No,18.0,2.6,1071.55
2024-02-26,Store_E,Phone,Electronics,West,5,500,0.1,No,52.0,4.0,2474.32
2024-02-29,Store_E,Smartwatch,Accessories,South,5,150,0.13,Yes,57.0,3.8,863.66
2024-03-04,Store_A,Laptop,Electronics,East,8,700,0.18,No,56.0,4.3,5083.33
2024-03-07,Store_C,Phone,Electronics,West,4,500,0.03,No,35.0,4.6,2152.73
2024-03-10,Store_C,Smartwatch,Accessories,East,8,150,0.15,No,24.0,2.9,1134.27
2024-03-10,Store_B,Laptop,Electronics,North,13,700,0.19,No,20.0,3.7,8196.74
2024-03-10,Store_E,Smartwatch,Accessories,North,15,150,0.24,No,24.0,4.1,1901.56
2024-03-13,Store_E,Laptop,Electronics,North,9,700,0.02,No,31.0,3.5,6878.42
2024-03-13,Store_D,Tablet,Electronics,South,5,350,0.24,Yes,51.0,4.3,1778.1
2024-03-17,Store_A,Smartwatch,Accessories,West,5,150,0.1,No,44.0,4.3,753.56
2024-03-17,Store_C,Headphones,Accessories,West,12,80,0.15,No,21.0,4.7,910.97
2024-03-17,Store_C,Smartwatch,Accessories,East,5,150,0.26,No,21.0,4.6,619.59
2024-03-18,Store_A,Laptop,Electronics,East,7,700,0.22,No,24.0,3.0,4268.67
2024-03-19,Store_D,Smartwatch,Accessories,West,6,150,0.19,No,45.0,3.9,814.53
2024-03-20,Store_A,Tablet,Electronics,East,10,350,0.2,No,51.0,2.6,3129.66
2024-03-20,Store_D,Headphones,Accessories,South,9,80,0.07,No,35.0,4.6,748.44
2024-03-22,Store_D,Tablet,Electronics,West,9,350,0.3,Yes,62.0,4.4,2959.45
2024-03-24,Store_A,Laptop,Electronics,North,15,700,0.23,No,40.0,3.9,9047.53
2024-03-25,Store_B,Headphones,Accessories,South,12,80,0.17,No,41.0,3.2,891.85
2024-03-27,Store_D,Tablet,Electronics,South,13,350,0.07,No,42.0,3.6,4737.88
2024-03-28,Store_A,Headphones,Accessories,West,15,80,0.05,No,64.0,3.2,1276.58
2024-03-28,Store_A,Tablet,Electronics,East,2,350,0.03,Yes,22.0,4.9,912.42
2024-03-28,Store_A,Tablet,Electronics,West,9,350,0.25,Yes,40.0,3.0,3174.65
2024-03-30,Store_E,Smartwatch,Accessories,North,15,150,0.03,Yes,57.0,4.4,2933.2
2024-03-31,Store_A,Laptop,Electronics,North,10,700,0.17,Yes,31.0,4.6,7808.63
2024-03-31,Store_C,Phone,Electronics,West,1,500,0.09,No,25.0,3.2,509.6
2024-04-01,Store_D,Phone,Electronics,East,4,500,0.19,No,52.0,3.5,1814.39
2024-04-01,Store_D,Smartwatch,Accessories,East,2,150,0.26,Yes,53.0,5.0,298.37
2024-04-04,Store_E,Phone,Electronics,West,11,500,0.04,No,25.0,3.8,5912.33
2024-04-04,Store_C,Laptop,Electronics,West,12,700,0.13,No,46.0,4.3,8183.2
2024-04-05,Store_E,Smartwatch,Accessories,East,9,150,0.11,No,35.0,4.2,1345.21
2024-04-08,Store_A,Smartwatch,Accessories,South,15,150,0.06,Yes,27.0,3.5,2839.9
2024-04-11,Store_E,Phone,Electronics,South,7,500,0.29,No,53.0,3.7,2778.17
2024-04-12,Store_D,Smartwatch,Accessories,East,2,150,0.14,Yes,41.0,4.9,346.0
2024-04-13,Store_D,Phone,Electronics,South,1,500,0.02,No,60.0,4.0,547.41
2024-04-14,Store_B,Laptop,Electronics,West,15,700,0.18,Yes,29.0,4.3,11537.63
2024-04-15,Store_B,Headphones,Accessories,South,15,80,0.0,No,43.0,3.2,1339.43
2024-04-15,Store_B,Smartwatch,Accessories,North,12,150,0.16,No,47.0,2.7,1687.68
2024-04-15,Store_D,Headphones,Accessories,West,10,80,0.09,No,38.0,2.5,812.59
2024-04-17,Store_C,Tablet,Electronics,West,10,350,0.3,Yes,23.0,4.7,3278.36
2024-04-18,Store_E,Phone,Electronics,East,9,500,0.12,Yes,61.0,3.4,5296.05
2024-04-18,Store_A,Laptop,Electronics,North,8,700,0.09,No,55.0,4.9,5679.43
2024-04-19,Store_D,Phone,Electronics,South,8,500,0.07,No,55.0,4.0,4143.53
2024-04-19,Store_D,Laptop,Electronics,West,4,700,0.18,No,32.0,3.0,2557.41
2024-04-20,Store_B,Laptop,Electronics,South,11,700,0.25,No,59.0,4.4,6428.64
2024-04-20,Store_D,Headphones,Accessories,West,11,80,0.18,No,58.0,2.8,803.27
2024-04-20,Store_D,Laptop,Electronics,East,5,700,0.26,No,24.0,4.4,2883.15
2024-04-21,Store_A,Phone,Electronics,South,14,500,0.18,No,35.0,3.4,6385.64
2024-04-22,Store_B,Headphones,Accessories,East,12,80,0.22,Yes,31.0,4.6,998.97
2024-04-29,Store_E,Smartwatch,Accessories,East,2,150,0.16,Yes,33.0,2.5,334.36
2024-04-29,Store_C,Tablet,Electronics,West,2,350,0.14,No,29.0,3.7,665.62
2024-05-02,Store_A,Phone,Electronics,East,2,500,0.23,Yes,46.0,3.6,1018.81
2024-05-02,Store_D,Phone,Electronics,West,11,500,0.14,No,23.0,4.3,5215.34
2024-05-03,Store_C,Smartwatch,Accessories,North,10,150,0.04,No,36.0,4.0,1586.19
2024-05-04,Store_A,Phone,Electronics,South,12,500,0.01,No,30.0,5.0,6536.42
2024-05-05,Store_A,Smartwatch,Accessories,East,5,150,0.08,No,27.0,3.4,758.49
2024-05-06,Store_A,Laptop,Electronics,North,6,700,0.07,No,62.0,3.3,4289.13
2024-05-07,Store_A,Smartwatch,Accessories,West,5,150,0.2,No,65.0,4.6,658.13
2024-05-08,Store_D,Headphones,Accessories,East,2,80,0.3,Yes,31.0,2.8,147.26
2024-05-11,Store_D,Phone,Electronics,South,14,500,0.13,No,57.0,,6648.98
2024-05-11,Store_B,Laptop,Electronics,East,8,700,0.17,No,57.0,2.5,5074.63
2024-05-13,Store_E,Tablet,Electronics,West,6,350,0.2,Yes,42.0,3.1,2195.57
2024-05-14,Store_E,Phone,Electronics,West,14,500,0.13,No,22.0,2.9,6623.95
2024-05-16,Store_D,Laptop,Electronics,North,3,700,0.12,No,34.0,3.6,2004.72
2024-05-16,Store_C,Laptop,Electronics,North,12,700,0.12,No,23.0,3.5,8018.89
2024-05-17,Store_C,Laptop,Electronics,West,10,700,0.19,No,35.0,4.5,6142.51
2024-05-17,Store_A,Laptop,Electronics,West,2,700,0.12,No,43.0,4.8,1334.67
2024-05-17,Store_B,Phone,Electronics,West,2,500,0.29,No,59.0,4.5,769.17
2024-05-18,Store_C,Phone,Electronics,East,2,500,0.04,No,49.0,4.7,1038.56
2024-05-19,Store_D,Phone,Electronics,South,11,500,0.14,Yes,52.0,4.2,6131.87
2024-05-23,Store_B,Headphones,Accessories,East,7,80,0.01,No,60.0,3.2,595.42
2024-05-24,Store_A,Laptop,Electronics,South,14,700,0.17,No,30.0,3.8,8722.56
2024-05-25,Store_E,Headphones,Accessories,South,12,80,0.28,No,25.0,4.1,740.07
2024-05-25,Store_E,Phone,Electronics,East,12,500,0.1,Yes,22.0,3.0,6938.14
2024-05-25,Store_D,Headphones,Accessories,West,5,80,0.29,No,64.0,3.9,304.08
2024-05-26,Store_C,Smartwatch,Accessories,West,4,150,0.01,Yes,28.0,4.6,762.0
2024-05-27,Store_E,Smartwatch,Accessories,East,12,150,0.26,Yes,43.0,3.9,1706.01
2024-05-27,Store_D,Laptop,Electronics,East,14,700,0.06,No,42.0,3.6,9832.19
2024-05-28,Store_B,Smartwatch,Accessories,East,14,150,0.22,Yes,41.0,4.7,2094.55
2024-05-30,Store_C,Phone,Electronics,West,15,500,0.28,No,26.0,4.9,5735.4
2024-05-30,Store_D,Laptop,Electronics,North,12,700,0.1,No,39.0,4.7,8029.55
2024-05-31,Store_B,Laptop,Electronics,North,10,700,0.14,No,18.0,2.8,6383.22
2024-06-01,Store_A,Smartwatch,Accessories,East,8,150,0.0,No,36.0,5.0,1270.25
2024-06-01,Store_B,Laptop,Electronics,North,8,700,0.11,No,44.0,4.6,5275.77
2024-06-04,Store_C,Phone,Electronics,South,13,500,0.22,No,56.0,3.9,5339.02
2024-06-04,Store_B,Smartwatch,Accessories,West,3,150,0.1,No,35.0,4.6,426.49
2024-06-05,Store_E,Smartwatch,Accessories,North,6,150,0.27,No,24.0,3.6,690.64
2024-06-07,Store_D,Phone,Electronics,East,7,500,0.25,Yes,25.0,4.0,3299.43
2024-06-08,Store_B,Tablet,Electronics,West,13,350,0.16,No,27.0,4.8,3996.03
2024-06-08,Store_D,Headphones,Accessories,North,12,80,0.12,No,19.0,2.8,883.27
2024-06-09,Store_A,Smartwatch,Accessories,West,12,150,0.18,No,34.0,4.8,1540.38
2024-06-09,Store_D,Tablet,Electronics,East,8,350,0.06,No,42.0,4.5,2746.8
2024-06-09,Store_A,Headphones,Accessories,West,12,80,0.08,No,62.0,3.7,921.72
2024-06-15,Store_C,Tablet,Electronics,South,1,350,0.14,No,30.0,3.3,310.59
2024-06-17,Store_B,Phone,Electronics,West,10,500,0.09,Yes,23.0,2.9,5612.17
2024-06-20,Store_A,Phone,Electronics,North,1,500,0.16,No,56.0,4.3,429.16
2024-06-20,Store_A,Phone,Electronics,South,14,500,0.13,No,44.0,2.7,6222.83
2024-06-21,Store_C,Tablet,Electronics,South,9,350,0.25,Yes,64.0,3.1,2891.07
2024-06-23,Store_E,Phone,Electronics,West,4,500,0.21,No,42.0,5.0,1604.8
2024-06-24,Store_B,Tablet,Electronics,East,8,350,0.12,No,60.0,3.5,2497.62
2024-06-25,Store_E,Laptop,Electronics,South,15,700,0.27,No,44.0,2.7,7753.86
2024-06-26,Store_B,Tablet,Electronics,East,7,350,0.04,No,50.0,2.8,2374.43
2024-06-29,Store_A,Smartwatch,Accessories,West,8,150,0.23,Yes,64.0,2.7,1112.52
2024-06-29,Store_C,Smartwatch,Accessories,East,2,150,0.13,No,54.0,3.8,261.88
2024-06-30,Store_D,Tablet,Electronics,North,4,350,0.15,Yes,30.0,3.6,1429.84
2024-07-01,Store_D,Phone,Electronics,West,15,500,0.13,No,18.0,3.9,6519.95
2024-07-03,Store_D,Headphones,Accessories,West,8,80,0.04,No,63.0,2.9,611.39
2024-07-03,Store_B,Laptop,Electronics,North,6,700,0.0,Yes,34.0,3.7,5015.3
2024-07-04,Store_A,Headphones,Accessories,North,3,80,0.23,No,64.0,3.6,183.51
2024-07-04,Store_B,Laptop,Electronics,South,5,700,0.11,No,45.0,3.4,3093.31
2024-07-05,Store_D,Tablet,Electronics,East,11,350,0.22,No,34.0,4.8,2975.9
2024-07-07,Store_E,Tablet,Electronics,East,2,350,0.18,Yes,34.0,3.6,679.75
2024-07-10,Store_A,Tablet,Electronics,North,2,350,0.26,No,35.0,3.1,508.02
2024-07-12,Store_A,Tablet,Electronics,West,5,350,0.21,Yes,54.0,4.2,1620.29
2024-07-13,Store_B,Laptop,Electronics,East,11,700,0.26,Yes,18.0,2.6,6664.25
2024-07-14,Store_B,Smartwatch,Accessories,North,14,150,0.25,Yes,49.0,2.8,1838.28
2024-07-16,Store_D,Laptop,Electronics,West,9,700,0.16,No,65.0,4.2,5125.99
2024-07-16,Store_C,Smartwatch,Accessories,West,12,150,0.27,No,34.0,4.0,1272.78
2024-07-17,Store_D,Headphones,Accessories,South,13,80,0.27,Yes,56.0,4.3,880.65
2024-07-17,Store_B,Phone,Electronics,West,1,500,0.05,Yes,51.0,3.3,550.99
2024-07-18,Store_B,Phone,Electronics,East,11,500,0.14,No,51.0,3.8,4562.86
2024-07-19,Store_A,Laptop,Electronics,South,7,700,0.07,No,26.0,3.8,4387.01
2024-07-19,Store_A,Laptop,Electronics,West,14,700,0.08,No,23.0,4.5,8679.68
2024-07-20,Store_C,Headphones,Accessories,North,10,80,0.06,No,35.0,2.5,722.48
2024-07-22,Store_E,Laptop,Electronics,South,15,700,0.21,No,60.0,2.6,7937.18
2024-07-23,Store_D,Phone,Electronics,East,5,500,0.22,Yes,60.0,3.2,2234.57
2024-07-23,Store_B,Phone,Electronics,North,8,500,0.01,No,33.0,2.7,3781.58
2024-07-27,Store_C,Headphones,Accessories,East,3,80,0.18,Yes,45.0,3.2,223.74
2024-07-27,Store_D,Phone,Electronics,North,3,500,0.11,Yes,44.0,4.8,1517.74
2024-07-28,Store_A,Laptop,Electronics,North,13,700,0.21,No,41.0,3.2,6797.6
2024-07-28,Store_D,Smartwatch,Accessories,North,13,150,0.27,Yes,46.0,3.9,1615.2
2024-07-28,Store_C,Phone,Electronics,West,5,500,0.27,No,32.0,5.0,1725.64
2024-07-31,Store_E,Laptop,Electronics,East,10,700,0.29,Yes,49.0,3.2,5606.83
2024-07-31,Store_C,Smartwatch,Accessories,East,11,150,0.02,No,,4.3,1520.16
2024-08-01,Store_D,Tablet,Electronics,West,15,350,0.06,No,40.0,4.7,4630.67
2024-08-01,Store_A,Laptop,Electronics,North,9,700,0.16,No,65.0,2.8,4965.65
2024-08-03,Store_E,Phone,Electronics,West,13,500,0.19,No,60.0,2.9,4921.87
2024-08-09,Store_E,Phone,Electronics,East,9,500,0.25,No,65.0,2.7,3121.18
2024-08-10,Store_E,Phone,Electronics,South,13,500,0.23,Yes,,2.6,5544.71
2024-08-10,Store_B,Laptop,Electronics,West,4,700,0.13,Yes,38.0,4.7,2698.68
2024-08-12,Store_B,Smartwatch,Accessories,East,7,150,0.08,No,47.0,2.6,888.79
2024-08-15,Store_E,Smartwatch,Accessories,West,3,150,0.22,Yes,47.0,,385.63
2024-08-15,Store_D,Headphones,Accessories,East,15,80,0.19,No,62.0,3.6,889.92
2024-08-17,Store_B,Laptop,Electronics,West,3,700,0.29,Yes,54.0,4.3,1632.96
2024-08-18,Store_B,Headphones,Accessories,East,14,80,0.01,No,42.0,4.1,1010.42
2024-08-20,Store_C,Phone,Electronics,South,14,500,0.21,No,,2.5,5024.26
2024-08-23,Store_E,Tablet,Electronics,West,15,350,0.14,No,55.0,4.0,4084.54
2024-08-23,Store_A,Phone,Electronics,South,4,500,0.24,No,25.0,4.6,1375.08
2024-08-26,Store_E,Tablet,Electronics,North,9,350,0.24,No,29.0,2.7,2157.06
2024-08-26,Store_C,Phone,Electronics,West,9,500,0.19,Yes,32.0,4.8,3941.1
2024-08-27,Store_E,Laptop,Electronics,North,1,700,0.2,No,28.0,4.8,503.93
2024-08-29,Store_A,Smartwatch,Accessories,South,1,150,0.24,Yes,45.0,3.8,122.8
2024-08-31,Store_B,Laptop,Electronics,North,11,700,0.04,Yes,59.0,3.5,7944.02
2024-09-01,Store_C,Phone,Electronics,North,4,500,0.12,Yes,37.0,4.1,1889.32
2024-09-04,Store_A,Smartwatch,Accessories,South,6,150,0.03,No,39.0,3.8,778.5
2024-09-04,Store_A,Smartwatch,Accessories,West,3,150,0.17,No,45.0,4.2,333.07
2024-09-04,Store_D,Laptop,Electronics,East,3,700,0.05,No,26.0,4.0,1779.04
2024-09-07,Store_D,Headphones,Accessories,West,14,80,0.18,Yes,36.0,4.9,979.99
2024-09-08,Store_D,Tablet,Electronics,North,14,350,0.3,No,52.0,3.7,3047.36
2024-09-14,Store_C,Tablet,Electronics,South,2,350,0.21,Yes,33.0,4.1,586.94
2024-09-15,Store_B,Smartwatch,Accessories,East,8,150,0.26,Yes,53.0,4.3,941.93
2024-09-15,Store_A,Tablet,Electronics,South,15,350,0.01,No,46.0,3.9,4594.28
2024-09-15,Store_E,Phone,Electronics,North,2,500,0.0,No,47.0,4.1,883.94
2024-09-16,Store_D,Phone,Electronics,West,15,500,0.06,Yes,46.0,2.7,7473.84
2024-09-17,Store_C,Smartwatch,Accessories,North,8,150,0.07,No,,4.1,985.38
2024-09-18,Store_E,Tablet,Electronics,East,15,350,0.05,Yes,33.0,4.7,5281.89
2024-09-19,Store_A,Tablet,Electronics,South,9,350,0.07,No,20.0,2.9,2584.16
2024-09-19,Store_E,Smartwatch,Accessories,East,1,150,0.03,Yes,54.0,2.8,154.02
2024-09-23,Store_B,Headphones,Accessories,East,7,80,0.04,No,35.0,4.8,473.55
2024-09-24,Store_D,Headphones,Accessories,East,15,80,0.23,No,55.0,4.5,813.7
2024-09-25,Store_D,Headphones,Accessories,East,5,80,0.23,No,38.0,5.0,271.17
2024-09-25,Store_E,Laptop,Electronics,North,15,700,0.08,Yes,35.0,2.8,10205.97
2024-09-25,Store_D,Phone,Electronics,South,5,500,0.09,Yes,40.0,3.6,2403.58
2024-09-25,Store_B,Phone,Electronics,West,15,500,0.11,No,33.0,3.0,5876.89
2024-09-27,Store_C,Headphones,Accessories,North,3,80,0.05,Yes,65.0,3.4,240.81
2024-09-30,Store_E,Phone,Electronics,North,4,500,0.13,No,24.0,4.6,1531.2
2024-10-01,Store_D,Tablet,Electronics,East,15,350,0.26,No,60.0,4.4,3418.88
2024-10-01,Store_B,Headphones,Accessories,North,7,80,0.27,No,44.0,3.2,359.75
2024-10-02,Store_C,Headphones,Accessories,East,8,80,0.13,No,52.0,4.0,490.03
2024-10-03,Store_E,Smartwatch,Accessories,East,8,150,0.1,Yes,61.0,2.7,1140.7
2024-10-04,Store_D,Phone,Electronics,North,10,500,0.05,No,36.0,4.6,4181.39
2024-10-06,Store_A,Laptop,Electronics,West,3,700,0.14,No,32.0,3.7,1590.46
2024-10-07,Store_B,Tablet,Electronics,East,11,350,0.07,No,24.0,3.5,3154.01
2024-10-07,Store_B,Headphones,Accessories,West,4,80,0.27,No,35.0,4.6,205.77
2024-10-08,Store_A,Tablet,Electronics,South,7,350,0.01,No,,4.0,2137.23
2024-10-09,Store_A,Headphones,Accessories,East,4,80,0.26,No,58.0,4.0,208.73
2024-10-10,Store_E,Phone,Electronics,East,8,500,0.11,No,48.0,3.5,3139.18
2024-10-14,Store_A,Laptop,Electronics,South,2,700,0.2,No,62.0,4.8,989.51
2024-10-15,Store_E,Headphones,Accessories,South,2,80,0.19,No,52.0,3.9,114.57
2024-10-15,Store_D,Laptop,Electronics,West,5,700,0.26,No,59.0,3.7,2289.58
2024-10-17,Store_B,Tablet,Electronics,West,5,350,0.25,No,56.0,4.3,1161.74
2024-10-17,Store_E,Laptop,Electronics,North,1,700,0.26,No,39.0,3.8,458.5
2024-10-18,Store_E,Smartwatch,Accessories,West,1,150,0.08,Yes,52.0,3.8,146.68
2024-10-19,Store_A,Headphones,Accessories,West,12,80,0.01,Yes,48.0,2.5,1010.92
2024-10-20,Store_D,Laptop,Electronics,South,14,700,0.09,Yes,35.0,3.1,9493.13
2024-10-21,Store_C,Phone,Electronics,West,3,500,0.28,Yes,56.0,4.3,1150.58
2024-10-22,Store_A,Tablet,Electronics,East,6,350,0.02,No,50.0,3.5,1828.61
2024-10-23,Store_B,Tablet,Electronics,East,10,350,0.04,Yes,26.0,4.2,3585.74
2024-10-23,Store_D,Headphones,Accessories,West,7,80,0.06,No,32.0,4.3,468.14
2024-10-24,Store_D,Phone,Electronics,North,3,500,0.22,Yes,42.0,4.7,1249.75
2024-10-25,Store_D,Phone,Electronics,North,5,500,0.16,No,35.0,4.6,1871.06
2024-10-25,Store_A,Smartwatch,Accessories,South,15,150,0.12,No,40.0,4.3,1764.14
2024-10-26,Store_E,Laptop,Electronics,North,9,700,0.29,No,37.0,3.8,3989.29
2024-10-27,Store_E,Tablet,Electronics,West,4,350,0.23,No,19.0,3.3,962.41
2024-10-27,Store_E,Headphones,Accessories,West,11,80,0.24,No,20.0,4.5,597.08
2024-10-27,Store_B,Tablet,Electronics,East,15,350,0.23,No,48.0,2.6,3609.02
2024-10-28,Store_D,Headphones,Accessories,East,2,80,0.27,Yes,48.0,2.8,125.26
2024-10-29,Store_D,Tablet,Electronics,West,7,350,0.28,Yes,48.0,2.5,1893.87
2024-10-31,Store_C,Smartwatch,Accessories,West,1,150,0.18,No,49.0,4.7,110.3
2024-11-02,Store_C,Phone,Electronics,East,14,500,0.2,No,54.0,2.8,5033.79
2024-11-02,Store_E,Headphones,Accessories,East,10,80,0.06,No,34.0,4.6,675.97
2024-11-04,Store_B,Phone,Electronics,West,7,500,0.17,No,43.0,3.8,2617.91
2024-11-06,Store_D,Tablet,Electronics,West,1,350,0.16,No,34.0,3.7,265.65
2024-11-06,Store_B,Tablet,Electronics,North,4,350,0.03,No,62.0,4.6,1227.05
2024-11-07,Store_B,Headphones,Accessories,East,9,80,0.29,Yes,44.0,2.8,555.05
2024-11-12,Store_C,Laptop,Electronics,West,2,700,0.11,No,32.0,4.6,1135.66
2024-11-12,Store_E,Phone,Electronics,North,7,500,0.16,No,,4.5,2679.65
2024-11-12,Store_A,Smartwatch,Accessories,East,1,150,0.21,No,40.0,4.2,108.01
2024-11-13,Store_C,Phone,Electronics,North,3,500,0.06,Yes,24.0,2.9,1544.55
2024-11-14,Store_A,Smartwatch,Accessories,East,3,150,0.12,No,21.0,4.3,362.06
2024-11-14,Store_A,Tablet,Electronics,North,13,350,0.18,Yes,61.0,4.2,4093.44
2024-11-15,Store_A,Headphones,Accessories,South,7,80,0.07,No,41.0,2.6,476.92
2024-11-15,Store_E,Tablet,Electronics,North,13,350,0.3,Yes,64.0,3.1,3499.97
2024-11-15,Store_C,Tablet,Electronics,West,3,350,0.16,Yes,29.0,3.2,969.22
2024-11-16,Store_A,Smartwatch,Accessories,East,14,150,0.29,No,41.0,3.6,1367.58
2024-11-17,Store_A,Laptop,Electronics,South,4,700,0.08,Yes,24.0,2.7,2839.98
2024-11-18,Store_E,Tablet,Electronics,West,2,350,0.27,Yes,63.0,2.9,564.3
2024-11-19,Store_B,Smartwatch,Accessories,North,6,150,0.01,No,58.0,4.0,821.34
2024-11-19,Store_D,Phone,Electronics,West,13,500,0.07,No,64.0,4.4,5572.38
2024-11-20,Store_B,Smartwatch,Accessories,North,5,150,0.11,No,40.0,3.6,616.37
2024-11-20,Store_E,Smartwatch,Accessories,North,3,150,0.15,Yes,51.0,4.9,423.84
2024-11-21,Store_B,Headphones,Accessories,North,6,80,0.03,No,45.0,2.8,430.68
2024-11-22,Store_A,Headphones,Accessories,East,11,80,0.05,No,22.0,4.1,774.65
2024-11-27,Store_E,Headphones,Accessories,South,10,80,0.17,No,60.0,4.6,620.87
2024-11-28,Store_A,Headphones,Accessories,West,9,80,0.21,No,19.0,3.7,532.85
2024-11-29,Store_C,Smartwatch,Accessories,West,14,150,0.27,No,54.0,5.0,1438.8
2024-11-29,Store_B,Phone,Electronics,South,5,500,0.01,No,41.0,2.6,2322.92
2024-11-29,Store_C,Headphones,Accessories,East,8,80,0.04,No,18.0,3.9,576.65
2024-11-30,Store_D,Phone,Electronics,East,12,500,0.14,Yes,50.0,3.5,5822.56
2024-11-30,Store_B,Headphones,Accessories,South,9,80,0.14,No,19.0,2.8,582.26
2024-11-30,Store_A,Phone,Electronics,South,7,500,0.08,No,55.0,2.6,3027.88
2024-12-03,Store_D,Tablet,Electronics,North,2,350,0.12,Yes,52.0,3.6,699.12
2024-12-04,Store_D,Phone,Electronics,North,9,500,0.17,No,40.0,3.1,3539.42
2024-12-07,Store_A,Laptop,Electronics,East,4,700,0.26,Yes,65.0,4.0,2370.22
2024-12-09,Store_E,Headphones,Accessories,West,8,80,0.14,Yes,33.0,4.3,632.15
2024-12-09,Store_A,Tablet,Electronics,South,4,350,0.22,No,34.0,3.1,1045.16
2024-12-09,Store_B,Tablet,Electronics,North,9,350,0.15,Yes,21.0,2.5,3075.18
2024-12-10,Store_D,Laptop,Electronics,East,3,700,0.08,No,33.0,2.8,1852.86
2024-12-10,Store_C,Smartwatch,Accessories,South,7,150,0.0,No,61.0,4.7,1006.99
2024-12-12,Store_C,Phone,Electronics,North,1,500,0.23,No,40.0,3.0,370.73
2024-12-14,Store_B,Smartwatch,Accessories,East,8,150,0.11,Yes,34.0,4.3,1239.17
2024-12-14,Store_B,Phone,Electronics,West,5,500,0.29,No,27.0,4.7,1716.23
2024-12-14,Store_E,Tablet,Electronics,North,4,350,0.2,Yes,30.0,4.7,1299.5
2024-12-14,Store_A,Headphones,Accessories,East,15,80,0.17,No,34.0,2.9,963.02
2024-12-15,Store_E,Smartwatch,Accessories,North,11,150,0.17,Yes,53.0,4.4,1592.26
2024-12-17,Store_D,Smartwatch,Accessories,North,6,150,0.14,Yes,35.0,2.8,903.62
2024-12-18,Store_A,Phone,Electronics,South,4,500,0.01,No,35.0,3.0,1930.3
2024-12-19,Store_C,Phone,Electronics,West,4,500,0.06,No,51.0,2.7,1836.61
2024-12-20,Store_E,Laptop,Electronics,South,8,700,0.01,No,46.0,4.3,5427.3
2024-12-21,Store_C,Smartwatch,Accessories,South,14,150,0.07,No,54.0,2.6,1915.87
2024-12-23,Store_D,Headphones,Accessories,South,11,80,0.15,No,18.0,3.4,736.83
2024-12-24,Store_D,Headphones,Accessories,West,1,80,0.13,Yes,59.0,3.3,82.44
2024-12-25,Store_D,Headphones,Accessories,North,7,80,0.1,No,59.0,4.8,498.55
2024-12-26,Store_A,Headphones,Accessories,South,15,80,0.02,No,48.0,3.7,1165.69
2024-12-26,Store_A,Phone,Electronics,East,4,500,0.15,No,25.0,3.0,1685.1
2024-12-27,Store_A,Tablet,Electronics,East,7,350,0.25,No,31.0,3.7,1825.18
2024-12-27,Store_D,Headphones,Accessories,West,12,80,0.26,Yes,28.0,4.5,846.76
2024-12-29,Store_C,Laptop,Electronics,South,5,700,0.12,No,36.0,4.6,3072.05
2024-12-29,Store_E,Laptop,Electronics,West,3,700,0.12,No,33.0,4.8,1843.23
2024-12-30,Store_C,Tablet,Electronics,South,11,350,0.08,Yes,41.0,2.6,4248.21
2024-12-30,Store_C,Headphones,Accessories,North,13,80,0.24,No,33.0,3.2,789.99
2025-01-01,Store_E,Tablet,Electronics,South,6,350,0.28,Yes,30.0,3.2,1818.15
2025-01-01,Store_E,Phone,Electronics,North,15,500,0.28,No,28.0,2.8,5411.15
2025-01-02,Store_E,Phone,Electronics,South,11,500,0.22,Yes,41.0,4.6,5169.25
2025-01-04,Store_E,Phone,Electronics,South,9,500,0.1,Yes,58.0,,4900.1
2025-01-04,Store_D,Phone,Electronics,South,3,500,0.2,No,51.0,4.7,1209.9
2025-01-05,Store_E,Smartwatch,Accessories,West,6,150,0.16,No,,4.4,763.79
2025-01-05,Store_D,Phone,Electronics,East,1,500,0.05,No,37.0,3.3,479.9
2025-01-07,Store_E,Headphones,Accessories,East,3,80,0.03,No,18.0,3.3,236.16
2025-01-08,Store_B,Smartwatch,Accessories,South,8,150,0.26,No,42.0,3.4,902.62
2025-01-08,Store_C,Laptop,Electronics,West,1,700,0.07,No,52.0,4.2,661.72
2025-01-09,Store_E,Smartwatch,Accessories,North,14,150,0.01,No,59.0,4.5,2117.47
2025-01-10,Store_C,Headphones,Accessories,South,10,80,0.16,No,61.0,3.2,685.8
2025-01-12,Store_E,Phone,Electronics,West,12,500,0.12,No,44.0,2.8,5409.87
2025-01-15,Store_B,Tablet,Electronics,West,4,350,0.13,No,34.0,4.0,1255.3
2025-01-17,Store_E,Smartwatch,Accessories,North,4,150,0.2,Yes,63.0,5.0,595.93
2025-01-17,Store_B,Laptop,Electronics,North,11,700,0.05,Yes,58.0,2.6,9081.67
2025-01-18,Store_D,Laptop,Electronics,North,12,700,0.02,No,50.0,3.1,8533.01
2025-01-19,Store_E,Tablet,Electronics,North,8,350,0.14,No,34.0,3.3,2500.77
2025-01-19,Store_B,Phone,Electronics,West,10,500,0.1,No,37.0,3.3,4673.37
2025-01-20,Store_C,Laptop,Electronics,North,6,700,0.12,Yes,32.0,4.7,4614.72
2025-01-21,Store_D,Smartwatch,Accessories,East,14,150,0.29,No,40.0,3.7,1554.24
2025-01-21,Store_E,Smartwatch,Accessories,North,4,150,0.29,No,37.0,2.7,444.07
2025-01-23,Store_C,Laptop,Electronics,North,3,700,0.16,Yes,27.0,4.1,2214.7
2025-01-23,Store_A,Laptop,Electronics,South,14,700,0.04,No,58.0,3.8,9843.12
2025-01-24,Store_C,Phone,Electronics,South,2,500,0.04,No,45.0,3.2,1006.22
2025-01-28,Store_C,Headphones,Accessories,North,12,80,0.08,No,53.0,3.8,932.3
2025-01-28,Store_E,Laptop,Electronics,South,10,700,0.26,No,,4.7,5467.96
2025-01-28,Store_A,Tablet,Electronics,East,5,350,0.06,No,46.0,3.5,1736.45
2025-01-28,Store_E,Laptop,Electronics,East,11,700,0.19,No,35.0,3.5,6583.72
2025-01-30,Store_A,Smartwatch,Accessories,North,7,150,0.14,No,41.0,4.0,956.47
2025-01-30,Store_A,Smartwatch,Accessories,South,6,150,0.04,Yes,65.0,4.4,1098.2
2025-01-30,Store_E,Smartwatch,Accessories,West,3,150,0.25,Yes,42.0,2.9,428.98
2025-01-31,Store_B,Smartwatch,Accessories,North,3,150,0.14,No,37.0,3.4,410.61
2025-02-01,Store_D,Smartwatch,Accessories,South,13,150,0.24,Yes,33.0,3.8,1890.03
2025-02-01,Store_C,Phone,Electronics,South,10,500,0.12,Yes,38.0,4.8,5611.43
2025-02-02,Store_E,Headphones,Accessories,West,7,80,0.12,Yes,32.0,3.9,629.52
2025-02-02,Store_C,Tablet,Electronics,West,3,350,0.19,No,62.0,4.1,905.38
2025-02-02,Store_C,Tablet,Electronics,East,4,350,0.19,No,56.0,2.6,1207.17
2025-02-02,Store_B,Tablet,Electronics,South,10,350,0.26,Yes,54.0,3.7,3308.53
2025-02-05,Store_A,Laptop,Electronics,West,5,700,0.17,No,45.0,4.6,3107.35
2025-02-05,Store_E,Smartwatch,Accessories,South,5,150,0.27,No,,2.6,585.64
2025-02-05,Store_D,Phone,Electronics,East,13,500,0.22,No,48.0,4.5,5423.15
2025-02-07,Store_B,Tablet,Electronics,North,10,350,0.28,Yes,23.0,3.8,3244.68
2025-02-07,Store_C,Laptop,Electronics,East,6,700,0.06,No,51.0,4.1,4236.1
2025-02-08,Store_B,Tablet,Electronics,West,9,350,0.14,No,45.0,3.0,2911.1
2025-02-09,Store_D,Phone,Electronics,South,2,500,0.11,Yes,62.0,2.9,1149.39
2025-02-09,Store_C,Smartwatch,Accessories,West,10,150,0.24,No,20.0,3.9,1226.88
2025-02-12,Store_B,Laptop,Electronics,North,15,700,0.03,No,52.0,4.0,11008.85
2025-02-13,Store_A,Phone,Electronics,North,14,500,0.14,Yes,50.0,4.8,7819.27
2025-02-14,Store_A,Headphones,Accessories,North,5,80,0.25,No,43.0,4.9,325.17
2025-02-14,Store_A,Tablet,Electronics,North,4,350,0.04,No,62.0,2.6,1456.75
2025-02-15,Store_E,Tablet,Electronics,South,7,350,0.13,Yes,61.0,2.8,2776.12
2025-02-15,Store_C,Headphones,Accessories,North,7,80,0.06,No,39.0,4.8,571.33
2025-02-16,Store_A,Phone,Electronics,East,4,500,0.25,No,49.0,4.2,1630.19
2025-02-17,Store_C,Laptop,Electronics,East,8,700,0.13,No,58.0,4.7,5301.73
2025-02-18,Store_D,Tablet,Electronics,South,4,350,0.27,No,24.0,3.8,1113.56
2025-02-22,Store_A,Tablet,Electronics,North,10,350,0.27,No,43.0,3.8,2797.39
2025-02-23,Store_A,Phone,Electronics,North,8,500,0.04,Yes,59.0,2.8,5050.91
2025-02-23,Store_C,Smartwatch,Accessories,East,13,150,0.05,Yes,23.0,2.5,2436.67
2025-02-23,Store_B,Tablet,Electronics,West,11,350,0.26,Yes,22.0,2.6,3747.41
2025-02-28,Store_C,Smartwatch,Accessories,North,9,150,0.16,No,60.0,2.7,1249.59
2025-03-01,Store_D,Headphones,Accessories,West,11,80,0.01,No,38.0,4.4,960.94
2025-03-02,Store_D,Phone,Electronics,West,13,500,0.12,No,48.0,4.8,6315.18
2025-03-02,Store_C,Tablet,Electronics,East,4,350,0.04,No,48.0,4.4,1483.85
2025-03-04,Store_E,Headphones,Accessories,South,15,80,0.11,No,30.0,3.1,1181.26
2025-03-04,Store_C,Laptop,Electronics,East,10,700,0.13,Yes,18.0,3.1,8082.99
2025-03-05,Store_B,Headphones,Accessories,West,11,80,0.02,No,34.0,4.3,954.67
2025-03-05,Store_C,Tablet,Electronics,North,9,350,0.16,No,33.0,2.7,2929.11
2025-03-05,Store_C,Smartwatch,Accessories,West,1,150,0.3,No,59.0,2.9,116.23
2025-03-06,Store_E,Phone,Electronics,South,6,500,0.12,No,60.0,3.8,2924.9
2025-03-07,Store_C,Headphones,Accessories,North,6,80,0.25,No,61.0,3.2,399.17
2025-03-08,Store_B,Phone,Electronics,South,14,500,0.01,No,40.0,2.9,7689.92
2025-03-08,Store_C,Tablet,Electronics,West,6,350,0.27,No,32.0,2.5,1701.1
2025-03-08,Store_A,Tablet,Electronics,West,11,350,0.03,No,29.0,4.8,4144.01
2025-03-08,Store_E,Headphones,Accessories,West,12,80,0.13,Yes,21.0,3.6,1112.14
2025-03-10,Store_D,Smartwatch,Accessories,North,14,150,0.3,No,39.0,3.0,1633.56
2025-03-10,Store_D,Headphones,Accessories,West,12,80,0.22,Yes,58.0,4.3,998.54
2025-03-11,Store_B,Headphones,Accessories,North,2,80,0.24,No,54.0,3.5,135.22
2025-03-12,Store_C,Laptop,Electronics,South,8,700,0.17,No,65.0,,5172.05
2025-03-12,Store_A,Phone,Electronics,South,7,500,0.22,No,58.0,2.8,3037.8
2025-03-14,Store_E,Tablet,Electronics,North,4,350,0.11,Yes,61.0,4.0,1665.79
2025-03-15,Store_D,Phone,Electronics,North,5,500,0.23,No,64.0,4.3,2145.83
2025-03-15,Store_B,Laptop,Electronics,East,3,700,0.19,No,23.0,3.3,1896.13
2025-03-15,Store_B,Smartwatch,Accessories,East,9,150,0.16,Yes,38.0,4.6,1516.91
2025-03-16,Store_E,Smartwatch,Accessories,North,12,150,0.17,No,46.0,3.6,1666.27
2025-03-16,Store_D,Tablet,Electronics,South,14,350,0.1,No,20.0,3.9,4918.5
2025-03-16,Store_C,Laptop,Electronics,West,9,700,0.01,No,46.0,4.7,6956.17
2025-03-16,Store_C,Laptop,Electronics,East,10,700,0.12,Yes,39.0,3.4,8244.34
2025-03-22,Store_B,Headphones,Accessories,West,12,80,0.08,No,38.0,4.7,987.52
2025-03-24,Store_B,Headphones,Accessories,North,7,80,0.3,No,37.0,2.9,438.56
2025-03-24,Store_E,Laptop,Electronics,West,6,700,0.11,No,28.0,2.9,4181.98
2025-03-25,Store_D,Laptop,Electronics,West,8,700,0.19,Yes,23.0,3.8,6091.22
2025-03-25,Store_A,Headphones,Accessories,East,14,80,0.12,Yes,26.0,4.8,1323.52
2025-03-25,Store_A,Smartwatch,Accessories,South,12,150,0.11,Yes,61.0,3.9,2151.27
2025-03-25,Store_C,Headphones,Accessories,North,3,80,0.17,Yes,26.0,,267.5
2025-03-26,Store_B,Laptop,Electronics,North,13,700,0.22,Yes,18.0,3.4,9533.69
2025-03-26,Store_E,Smartwatch,Accessories,West,4,150,0.25,No,62.0,2.7,503.68
2025-03-26,Store_E,Smartwatch,Accessories,South,5,150,0.26,No,49.0,4.3,621.21
2025-03-26,Store_E,Smartwatch,Accessories,North,4,150,0.15,No,42.0,3.6,570.84
2025-03-31,Store_A,Phone,Electronics,West,6,500,0.17,No,51.0,3.3,2788.72
2025-04-01,Store_E,Laptop,Electronics,South,12,700,0.22,No,58.0,4.7,7338.23
2025-04-02,Store_B,Phone,Electronics,South,4,500,0.0,No,33.0,4.1,2239.98
2025-04-02,Store_E,Headphones,Accessories,East,1,80,0.16,No,62.0,3.9,75.26
2025-04-02,Store_A,Tablet,Electronics,West,10,350,0.2,Yes,30.0,4.4,3763.17
2025-04-02,Store_C,Laptop,Electronics,West,4,700,0.04,Yes,51.0,4.9,3612.64
2025-04-03,Store_A,Phone,Electronics,East,13,500,0.02,Yes,54.0,4.6,8560.89
2025-04-03,Store_A,Laptop,Electronics,North,14,700,0.14,No,21.0,4.3,9438.93
2025-04-04,Store_B,Headphones,Accessories,East,3,80,0.2,Yes,23.0,4.8,258.02
2025-04-05,Store_A,Headphones,Accessories,West,3,80,0.03,No,50.0,3.3,260.68
2025-04-06,Store_C,Tablet,Electronics,North,10,350,0.29,Yes,42.0,3.6,3338.68
2025-04-07,Store_C,Headphones,Accessories,North,2,80,0.22,Yes,33.0,2.5,167.65
2025-04-07,Store_A,Tablet,Electronics,South,13,350,0.24,Yes,62.0,2.6,4645.17
2025-04-08,Store_C,Headphones,Accessories,West,14,80,0.06,No,20.0,4.0,1178.3
2025-04-10,Store_B,Tablet,Electronics,North,10,350,0.24,Yes,,4.7,3570.77
2025-04-10,Store_E,Headphones,Accessories,East,8,80,0.17,No,63.0,3.6,594.23
2025-04-10,Store_B,Smartwatch,Accessories,West,15,150,0.16,Yes,30.0,3.8,2537.13
2025-04-11,Store_C,Headphones,Accessories,East,6,80,0.0,No,35.0,3.7,536.8
2025-04-12,Store_C,Headphones,Accessories,West,9,80,0.13,No,63.0,4.1,700.3
2025-04-13,Store_E,Smartwatch,Accessories,South,3,150,0.28,Yes,63.0,4.0,434.52
2025-04-15,Store_C,Phone,Electronics,East,6,500,0.16,Yes,40.0,3.4,3376.87
2025-04-15,Store_E,Laptop,Electronics,North,8,700,0.03,No,31.0,3.7,6065.85
2025-04-17,Store_E,Phone,Electronics,South,12,500,0.1,No,61.0,3.3,6024.55
2025-04-17,Store_B,Phone,Electronics,West,8,500,0.01,No,36.0,2.8,4418.0
2025-04-17,Store_A,Smartwatch,Accessories,East,2,150,0.26,No,44.0,3.6,247.68
2025-04-20,Store_C,Smartwatch,Accessories,North,15,150,0.27,No,27.0,,1829.5
2025-04-22,Store_A,Laptop,Electronics,North,12,700,0.01,Yes,,3.0,11101.67
2025-04-23,Store_B,Smartwatch,Accessories,South,2,150,0.16,No,61.0,4.2,280.16
2025-04-24,Store_A,Tablet,Electronics,West,6,350,0.19,No,35.0,2.5,1889.77
2025-04-26,Store_B,Phone,Electronics,South,3,500,0.03,Yes,58.0,3.3,1936.91
2025-04-27,Store_D,Smartwatch,Accessories,East,1,150,0.13,Yes,49.0,4.1,173.59
2025-04-28,Store_D,Tablet,Electronics,West,14,350,0.26,No,50.0,2.7,4016.07
2025-04-28,Store_E,Phone,Electronics,West,9,500,0.05,Yes,55.0,3.7,5681.86
2025-04-30,Store_A,Tablet,Electronics,East,13,350,0.25,No,42.0,4.9,3773.14
2025-04-30,Store_C,Smartwatch,Accessories,West,5,150,0.02,Yes,37.0,2.5,975.21
2025-05-01,Store_B,Smartwatch,Accessories,West,10,150,0.13,No,30.0,4.8,1441.62
2025-05-02,Store_E,Headphones,Accessories,South,6,80,0.15,Yes,47.0,3.4,540.35
2025-05-02,Store_E,Headphones,Accessories,East,7,80,0.3,Yes,65.0,3.9,519.16
2025-05-03,Store_A,Smartwatch,Accessories,North,8,150,0.24,Yes,62.0,2.8,1206.7
2025-05-03,Store_D,Tablet,Electronics,North,14,350,0.22,Yes,56.0,3.0,5057.01
2025-05-03,Store_A,Smartwatch,Accessories,North,8,150,0.04,Yes,27.0,4.7,1524.25
2025-05-04,Store_C,Phone,Electronics,West,7,500,0.11,No,59.0,4.2,3431.25
2025-05-06,Store_B,Laptop,Electronics,South,7,700,0.04,No,42.0,4.5,5170.93
2025-05-08,Store_B,Headphones,Accessories,East,9,80,0.08,No,,2.6,726.58
2025-05-10,Store_C,Headphones,Accessories,East,4,80,0.14,No,40.0,4.6,301.18
2025-05-10,Store_D,Phone,Electronics,East,15,500,0.16,No,,3.7,6894.67
2025-05-13,Store_E,Laptop,Electronics,North,11,700,0.15,Yes,20.0,3.5,8564.34
2025-05-13,Store_D,Smartwatch,Accessories,South,2,150,0.03,No,47.0,2.8,317.32
2025-05-14,Store_D,Phone,Electronics,North,5,500,0.03,No,38.0,2.9,2641.0
2025-05-16,Store_A,Tablet,Electronics,North,10,350,0.21,No,55.0,3.8,3003.5
2025-05-16,Store_C,Laptop,Electronics,South,3,700,0.19,Yes,36.0,3.1,2217.26
2025-05-18,Store_D,Tablet,Electronics,East,9,350,0.15,No,56.0,3.5,2900.63
2025-05-20,Store_D,Phone,Electronics,West,9,500,0.25,No,47.0,2.6,3646.06
2025-05-21,Store_C,Laptop,Electronics,West,7,700,0.28,No,,3.6,3805.9
2025-05-21,Store_B,Phone,Electronics,East,3,500,0.02,Yes,52.0,4.1,1902.95
2025-05-21,Store_B,Headphones,Accessories,South,6,80,0.14,No,32.0,3.4,445.32
2025-05-22,Store_E,Phone,Electronics,North,10,500,0.07,Yes,26.0,4.6,6010.78
2025-05-22,Store_E,Headphones,Accessories,South,1,80,0.24,No,40.0,3.4,65.49
2025-05-25,Store_A,Headphones,Accessories,North,12,80,0.08,Yes,50.0,3.5,1136.53
2025-05-25,Store_B,Laptop,Electronics,South,10,700,0.19,Yes,64.0,2.7,7296.33
2025-05-26,Store_C,Laptop,Electronics,South,12,700,0.2,No,42.0,3.8,7195.11
2025-05-26,Store_D,Smartwatch,Accessories,North,12,150,0.24,Yes,19.0,4.0,1757.66
2025-05-26,Store_D,Laptop,Electronics,West,9,700,0.25,No,51.0,3.1,5059.06
2025-05-27,Store_B,Smartwatch,Accessories,North,5,150,0.06,No,55.0,4.4,753.66
2025-05-28,Store_B,Smartwatch,Accessories,South,5,150,0.28,No,52.0,3.5,576.35
2025-05-28,Store_A,Laptop,Electronics,East,10,700,0.28,Yes,23.0,3.0,6455.18
2025-05-30,Store_D,Headphones,Accessories,West,15,80,0.29,No,23.0,3.8,906.41
2025-05-30,Store_E,Tablet,Electronics,South,8,350,0.23,No,20.0,3.2,2293.7
2025-05-30,Store_D,Smartwatch,Accessories,South,12,150,0.23,Yes,60.0,4.2,1769.42
2025-06-01,Store_E,Laptop,Electronics,South,11,700,0.25,Yes,31.0,4.2,7348.12
2025-06-01,Store_C,Headphones,Accessories,West,5,80,0.16,Yes,36.0,4.7,427.53
2025-06-02,Store_E,Phone,Electronics,East,8,500,0.05,Yes,39.0,4.6,4826.95
2025-06-02,Store_E,Headphones,Accessories,West,15,80,0.14,No,57.0,2.8,1092.41
2025-06-03,Store_D,Laptop,Electronics,West,14,700,0.16,Yes,23.0,,10438.81
2025-06-04,Store_A,Laptop,Electronics,East,13,700,0.06,Yes,19.0,2.8,10828.38
2025-06-06,Store_E,Smartwatch,Accessories,South,15,150,0.1,No,27.0,4.2,2128.68
2025-06-09,Store_C,Tablet,Electronics,East,2,350,0.25,No,65.0,4.6,548.91
2025-06-10,Store_B,Tablet,Electronics,South,1,350,0.13,No,29.0,4.0,317.78
2025-06-13,Store_E,Headphones,Accessories,East,14,80,0.05,No,65.0,4.3,1104.21
2025-06-14,Store_E,Headphones,Accessories,East,6,80,0.27,Yes,65.0,3.0,435.55
2025-06-15,Store_A,Phone,Electronics,South,9,500,0.14,No,25.0,4.6,4001.01
2025-06-15,Store_C,Tablet,Electronics,West,2,350,0.25,Yes,40.0,4.7,651.33
2025-06-16,Store_E,Headphones,Accessories,North,14,80,0.26,No,35.0,3.0,855.21
2025-06-16,Store_A,Smartwatch,Accessories,North,12,150,0.18,Yes,21.0,3.5,1827.64
2025-06-17,Store_C,Headphones,Accessories,North,5,80,0.2,No,55.0,2.8,329.56
2025-06-18,Store_C,Tablet,Electronics,South,7,350,0.23,Yes,40.0,3.6,2326.89
2025-06-18,Store_E,Smartwatch,Accessories,West,2,150,0.25,No,64.0,4.1,231.27
2025-06-18,Store_B,Laptop,Electronics,West,14,700,0.23,No,31.0,3.6,7756.3
2025-06-20,Store_C,Smartwatch,Accessories,East,6,150,0.24,Yes,47.0,2.6,840.37
2025-06-21,Store_E,Laptop,Electronics,South,2,700,0.3,Yes,64.0,3.3,1201.65
2025-06-23,Store_E,Headphones,Accessories,South,14,80,0.12,No,35.0,3.7,1003.08
2025-06-27,Store_B,Smartwatch,Accessories,West,9,150,0.28,Yes,36.0,3.1,1177.52
2025-06-28,Store_C,Tablet,Electronics,North,14,350,0.25,Yes,55.0,,4442.98
2025-06-29,Store_A,Tablet,Electronics,South,5,350,0.01,No,18.0,4.9,1741.88
2025-06-30,Store_E,Phone,Electronics,West,2,500,0.22,Yes,44.0,2.5,939.14
2025-07-01,Store_A,Smartwatch,Accessories,East,4,150,0.04,No,26.0,3.8,576.74
2025-07-02,Store_B,Tablet,Electronics,South,10,350,0.25,No,24.0,4.8,2622.97
2025-07-03,Store_B,Laptop,Electronics,West,3,700,0.09,No,54.0,3.6,1905.58
2025-07-06,Store_C,Headphones,Accessories,West,6,80,0.18,Yes,31.0,3.4,468.06
2025-07-07,Store_C,Phone,Electronics,West,8,500,0.04,No,46.0,4.2,3797.45
2025-07-07,Store_A,Phone,Electronics,West,3,500,0.05,No,37.0,3.6,1409.21
2025-07-08,Store_A,Headphones,Accessories,South,8,80,0.23,No,18.0,3.6,486.33
2025-07-08,Store_D,Laptop,Electronics,West,14,700,0.16,No,50.0,3.2,8123.89
2025-07-09,Store_B,Headphones,Accessories,North,6,80,0.1,No,35.0,3.0,425.44
2025-07-11,Store_C,Phone,Electronics,East,12,500,0.19,Yes,,3.9,5719.62
2025-07-13,Store_C,Headphones,Accessories,West,8,80,0.19,No,22.0,3.7,506.3
2025-07-13,Store_B,Headphones,Accessories,North,3,80,0.28,No,29.0,4.9,168.77
2025-07-16,Store_D,Headphones,Accessories,South,13,80,0.09,No,20.0,3.0,918.6
2025-07-17,Store_B,Laptop,Electronics,South,12,700,0.23,No,52.0,4.8,6265.1
2025-07-17,Store_E,Laptop,Electronics,North,5,700,0.25,Yes,27.0,4.7,3051.19
2025-07-17,Store_E,Tablet,Electronics,West,3,350,0.2,No,,3.3,813.65
2025-07-18,Store_E,Smartwatch,Accessories,South,2,150,0.12,No,18.0,4.4,255.19
2025-07-22,Store_B,Laptop,Electronics,West,5,700,0.17,No,30.0,4.7,2785.3
2025-07-22,Store_B,Phone,Electronics,East,13,500,0.1,No,38.0,3.7,5608.96
2025-07-23,Store_D,Headphones,Accessories,West,12,80,0.1,No,27.0,2.7,826.73
2025-07-24,Store_C,Phone,Electronics,East,8,500,0.06,Yes,40.0,3.3,4308.71
2025-07-24,Store_D,Headphones,Accessories,North,15,80,0.25,Yes,62.0,2.7,1031.34
2025-07-25,Store_B,Smartwatch,Accessories,East,9,150,0.02,No,24.0,4.1,1260.87
2025-07-27,Store_C,Headphones,Accessories,West,9,80,0.11,Yes,22.0,2.7,729.95
2025-07-28,Store_C,Headphones,Accessories,North,9,80,0.26,No,41.0,4.1,504.78
2025-08-01,Store_A,Phone,Electronics,North,8,500,0.24,No,41.0,2.6,2857.94
2025-08-03,Store_E,Smartwatch,Accessories,West,15,150,0.17,Yes,21.0,3.3,2098.85
2025-08-04,Store_B,Tablet,Electronics,North,3,350,0.15,Yes,64.0,4.1,1001.2
2025-08-04,Store_E,Laptop,Electronics,South,7,700,0.24,Yes,50.0,4.2,4177.56
2025-08-05,Store_C,Tablet,Electronics,North,1,350,0.27,No,58.0,2.6,238.41
2025-08-05,Store_D,Phone,Electronics,North,1,500,0.17,No,18.0,3.4,387.24
2025-08-08,Store_C,Phone,Electronics,North,3,500,0.28,No,36.0,3.1,1002.3
2025-08-09,Store_C,Headphones,Accessories,East,14,80,0.13,No,58.0,4.6,902.7
2025-08-09,Store_B,Tablet,Electronics,South,7,350,0.19,No,46.0,4.6,1838.47
2025-08-11,Store_A,Laptop,Electronics,South,1,700,0.08,No,26.0,2.6,594.54
2025-08-12,Store_A,Phone,Electronics,North,3,500,0.12,No,24.0,,1216.54
2025-08-12,Store_B,Phone,Electronics,West,3,500,0.15,No,19.0,3.5,1175.07
2025-08-12,Store_A,Phone,Electronics,East,10,500,0.18,Yes,42.0,3.0,4534.37
2025-08-13,Store_C,Headphones,Accessories,North,3,80,0.05,No,63.0,3.6,209.78
2025-08-13,Store_C,Phone,Electronics,East,14,500,0.26,No,21.0,4.5,4765.96
2025-08-14,Store_A,Tablet,Electronics,South,5,350,0.2,No,54.0,3.9,1285.96
2025-08-14,Store_C,Laptop,Electronics,North,11,700,0.09,No,39.0,4.2,6436.22
2025-08-15,Store_E,Tablet,Electronics,West,4,350,0.07,Yes,21.0,3.7,1432.78
2025-08-15,Store_E,Tablet,Electronics,South,4,350,0.12,Yes,39.0,3.5,1355.75
2025-08-15,Store_D,Tablet,Electronics,North,13,350,0.3,Yes,59.0,2.6,3504.92
2025-08-15,Store_A,Laptop,Electronics,North,14,700,0.05,No,38.0,4.3,8537.62
2025-08-16,Store_B,Headphones,Accessories,North,12,80,0.09,Yes,20.0,3.3,959.8
2025-08-17,Store_E,Tablet,Electronics,South,9,350,0.15,No,64.0,4.2,2447.51
2025-08-18,Store_B,Laptop,Electronics,East,13,700,0.04,No,41.0,2.7,7973.14
2025-08-19,Store_C,Phone,Electronics,North,7,500,0.23,No,47.0,4.1,2455.88
2025-08-24,Store_C,Headphones,Accessories,East,8,80,0.27,Yes,51.0,3.7,507.19
2025-08-25,Store_E,Headphones,Accessories,South,4,80,0.05,No,22.0,4.1,274.64
2025-08-26,Store_B,Smartwatch,Accessories,North,15,150,0.27,No,40.0,4.2,1481.88
2025-08-27,Store_C,Laptop,Electronics,West,7,700,0.28,No,31.0,2.6,3178.83
2025-08-28,Store_A,Smartwatch,Accessories,East,5,150,0.08,Yes,40.0,4.4,745.1
2025-08-29,Store_C,Phone,Electronics,East,7,500,0.24,Yes,42.0,3.5,2868.82
2025-08-29,Store_D,Tablet,Electronics,North,15,350,0.02,No,56.0,4.1,4624.08
2025-08-30,Store_D,Laptop,Electronics,East,12,700,0.27,No,50.0,2.7,5504.45
2025-09-02,Store_C,Phone,Electronics,East,12,500,0.08,No,40.0,4.4,4937.99
2025-09-04,Store_B,Headphones,Accessories,West,2,80,0.06,No,62.0,2.7,134.26
2025-09-07,Store_B,Smartwatch,Accessories,East,5,150,0.19,No,65.0,4.9,540.69
2025-09-08,Store_B,Headphones,Accessories,North,15,80,0.07,No,22.0,5.0,992.37
2025-09-09,Store_A,Laptop,Electronics,North,15,700,0.16,Yes,64.0,,9403.29
2025-09-10,Store_D,Phone,Electronics,West,13,500,0.2,Yes,50.0,4.0,5539.25
2025-09-10,Store_D,Headphones,Accessories,North,5,80,0.12,Yes,44.0,3.1,374.96
2025-09-11,Store_E,Headphones,Accessories,South,13,80,0.22,No,31.0,4.7,719.53
2025-09-14,Store_A,Laptop,Electronics,West,14,700,0.28,No,50.0,3.4,6244.97
2025-09-16,Store_D,Phone,Electronics,South,3,500,0.16,Yes,35.0,3.2,1336.52
2025-09-16,Store_B,Tablet,Electronics,East,5,350,0.07,No,65.0,3.2,1438.61
2025-09-18,Store_A,Phone,Electronics,South,5,500,0.07,No,52.0,4.8,2052.88
2025-09-19,Store_C,Tablet,Electronics,East,2,350,0.19,No,31.0,3.2,500.39
2025-09-19,Store_D,Headphones,Accessories,South,7,80,0.21,Yes,50.0,2.5,468.51
2025-09-19,Store_E,Phone,Electronics,East,9,500,0.3,No,21.0,4.1,2779.94
2025-09-19,Store_C,Headphones,Accessories,East,13,80,0.14,No,28.0,3.0,789.33
2025-09-22,Store_A,Phone,Electronics,West,6,500,0.25,No,60.0,3.5,1983.18
2025-09-23,Store_E,Phone,Electronics,East,11,500,0.12,No,24.0,3.6,4264.61
2025-09-23,Store_B,Laptop,Electronics,South,6,700,0.05,No,20.0,3.4,3515.66
2025-09-23,Store_C,Tablet,Electronics,South,10,350,0.09,No,30.0,3.8,2806.36
2025-09-29,Store_A,Phone,Electronics,West,15,500,0.16,Yes,29.0,4.7,6653.3
2025-09-29,Store_B,Laptop,Electronics,South,11,700,0.13,Yes,52.0,4.1,7074.68
2025-09-30,Store_C,Tablet,Electronics,West,7,350,0.26,Yes,,2.7,1914.56
2025-09-30,Store_D,Phone,Electronics,South,8,500,0.2,No,49.0,3.4,2816.05
2025-10-03,Store_C,Tablet,Electronics,South,14,350,0.24,No,43.0,5.0,3277.4
2025-10-03,Store_E,Laptop,Electronics,South,6,700,0.16,No,58.0,2.7,3104.91
2025-10-04,Store_E,Headphones,Accessories,South,12,80,0.22,No,19.0,4.5,659.07
2025-10-05,Store_E,Headphones,Accessories,West,6,80,0.03,No,54.0,3.6,409.86
2025-10-05,Store_A,Smartwatch,Accessories,North,12,150,0.22,No,32.0,2.9,1235.93
2025-10-05,Store_E,Smartwatch,Accessories,South,14,150,0.17,Yes,60.0,2.7,1841.22
2025-10-06,Store_B,Phone,Electronics,North,6,500,0.21,Yes,53.0,4.1,2504.01
2025-10-08,Store_D,Tablet,Electronics,North,14,350,0.26,No,56.0,4.9,3194.09
2025-10-09,Store_D,Smartwatch,Accessories,North,8,150,0.18,No,20.0,4.4,867.05
2025-10-09,Store_B,Tablet,Electronics,East,9,350,0.06,No,43.0,4.2,2609.09
2025-10-10,Store_A,Laptop,Electronics,East,4,700,0.26,No,23.0,4.7,1826.38
2025-10-11,Store_D,Tablet,Electronics,North,3,350,0.25,No,38.0,3.2,694.41
2025-10-12,Store_D,Phone,Electronics,South,3,500,0.3,Yes,52.0,4.7,1111.53
2025-10-12,Store_A,Headphones,Accessories,East,4,80,0.02,No,44.0,2.8,276.65
2025-10-13,Store_D,Headphones,Accessories,South,8,80,0.29,No,36.0,3.8,401.04
2025-10-13,Store_E,Laptop,Electronics,West,7,700,0.01,Yes,35.0,4.8,5137.64
2025-10-14,Store_C,Laptop,Electronics,South,4,700,0.24,Yes,29.0,4.3,2254.87
2025-10-16,Store_C,Smartwatch,Accessories,North,4,150,0.25,Yes,18.0,4.6,477.36
2025-10-16,Store_D,Headphones,Accessories,West,6,80,0.23,No,60.0,5.0,326.73
2025-10-17,Store_A,Tablet,Electronics,East,1,350,0.24,No,,3.0,235.29
2025-10-17,Store_A,Smartwatch,Accessories,South,10,150,0.26,No,35.0,4.3,981.85
2025-10-17,Store_C,Phone,Electronics,South,2,500,0.18,Yes,39.0,2.8,870.4
2025-10-18,Store_D,Tablet,Electronics,West,14,350,0.13,Yes,47.0,4.2,4527.98
2025-10-18,Store_A,Headphones,Accessories,West,7,80,0.08,No,19.0,3.9,456.02
2025-10-19,Store_E,Laptop,Electronics,West,11,700,0.22,No,34.0,4.3,5319.79
2025-10-21,Store_B,Tablet,Electronics,North,6,350,0.27,Yes,63.0,2.8,1631.86
2025-10-21,Store_B,Phone,Electronics,East,4,500,0.21,No,36.0,2.9,1401.58
2025-10-22,Store_B,Headphones,Accessories,East,5,80,0.14,No,24.0,4.2,305.4
2025-10-23,Store_A,Headphones,Accessories,East,9,80,0.08,No,47.0,4.4,588.57
2025-10-25,Store_D,Tablet,Electronics,East,6,350,0.01,Yes,31.0,3.9,2220.71
2025-10-25,Store_E,Phone,Electronics,West,5,500,0.05,No,54.0,2.8,2114.07
2025-10-25,Store_D,Headphones,Accessories,West,7,80,0.04,No,61.0,2.8,478.54
2025-10-27,Store_A,Phone,Electronics,North,13,500,0.08,No,42.0,4.5,5333.32
2025-10-28,Store_C,Laptop,Electronics,South,3,700,0.22,No,61.0,3.5,1462.36
2025-10-28,Store_D,Smartwatch,Accessories,South,15,150,0.28,No,34.0,4.9,1446.29
2025-10-29,Store_E,Laptop,Electronics,North,1,700,0.14,Yes,57.0,3.1,645.62
2025-11-01,Store_D,Smartwatch,Accessories,South,4,150,0.29,No,46.0,3.8,382.01
2025-11-04,Store_D,Smartwatch,Accessories,West,15,150,0.16,No,55.0,4.3,1701.03
2025-11-04,Store_A,Phone,Electronics,East,9,500,0.16,No,54.0,4.7,3402.07
2025-11-04,Store_B,Laptop,Electronics,East,15,700,0.23,No,54.0,2.8,7276.65
2025-11-05,Store_E,Headphones,Accessories,East,13,80,0.25,Yes,62.0,4.1,843.5
2025-11-08,Store_B,Smartwatch,Accessories,East,13,150,0.22,No,59.0,4.0,1376.23
2025-11-08,Store_A,Smartwatch,Accessories,East,14,150,0.14,No,24.0,4.8,1634.1
2025-11-10,Store_A,Smartwatch,Accessories,South,15,150,0.26,No,36.0,4.7,1510.8
2025-11-11,Store_A,Tablet,Electronics,West,1,350,0.11,No,42.0,3.2,283.06
2025-11-12,Store_D,Headphones,Accessories,South,10,80,0.21,No,30.0,4.7,575.16
2025-11-12,Store_E,Tablet,Electronics,North,3,350,0.28,Yes,47.0,3.1,825.61
2025-11-14,Store_E,Laptop,Electronics,East,7,700,0.07,Yes,49.0,2.8,4991.85
2025-11-15,Store_A,Headphones,Accessories,East,2,80,0.15,Yes,23.0,4.0,149.21
2025-11-15,Store_B,Phone,Electronics,East,5,500,0.02,No,32.0,4.4,2240.0
2025-11-17,Store_D,Headphones,Accessories,East,8,80,0.14,Yes,35.0,4.6,605.81
2025-11-17,Store_C,Laptop,Electronics,South,5,700,0.03,No,53.0,2.8,3113.98
2025-11-18,Store_D,Tablet,Electronics,North,1,350,0.15,No,49.0,4.9,273.32
2025-11-22,Store_C,Phone,Electronics,South,12,500,0.21,No,33.0,4.5,4384.47
2025-11-22,Store_C,Laptop,Electronics,East,4,700,0.1,No,43.0,4.6,2330.98
2025-11-25,Store_C,Headphones,Accessories,South,5,80,0.26,Yes,32.0,3.2,330.31
2025-11-26,Store_B,Tablet,Electronics,East,3,350,0.27,No,64.0,3.3,714.08
2025-11-26,Store_C,Headphones,Accessories,West,2,80,0.07,No,21.0,3.0,138.62
2025-11-28,Store_E,Smartwatch,Accessories,North,14,150,0.12,No,33.0,4.9,1727.96
2025-11-28,Store_B,Smartwatch,Accessories,North,6,150,0.19,Yes,37.0,3.3,817.98
2025-11-28,Store_A,Smartwatch,Accessories,North,12,150,0.17,No,48.0,3.8,1396.96
2025-11-28,Store_C,Laptop,Electronics,West,4,700,0.28,No,56.0,3.2,1885.05
2025-11-29,Store_E,Tablet,Electronics,West,9,350,0.23,Yes,35.0,3.0,2726.62
2025-11-30,Store_C,Headphones,Accessories,North,5,80,0.09,No,63.0,4.0,341.63
2025-12-01,Store_B,Headphones,Accessories,West,9,80,0.22,No,18.0,3.6,528.09
2025-12-01,Store_A,Laptop,Electronics,East,11,700,0.22,Yes,59.0,3.2,6777.19
2025-12-02,Store_E,Tablet,Electronics,West,8,350,0.01,No,34.0,4.0,2611.6
2025-12-05,Store_E,Laptop,Electronics,East,1,700,0.28,No,45.0,5.0,477.61
2025-12-05,Store_A,Headphones,Accessories,North,12,80,0.22,Yes,,5.0,851.51
2025-12-06,Store_A,Headphones,Accessories,East,6,80,0.28,No,40.0,4.0,328.15
2025-12-07,Store_C,Smartwatch,Accessories,East,12,150,0.22,Yes,40.0,4.3,1602.89
2025-12-08,Store_B,Smartwatch,Accessories,South,2,150,0.26,No,46.0,3.3,211.63
2025-12-08,Store_B,Laptop,Electronics,South,5,700,0.16,No,60.0,4.6,2802.63
2025-12-10,Store_A,Phone,Electronics,North,4,500,0.24,No,39.0,3.2,1454.8
2025-12-10,Store_B,Tablet,Electronics,West,2,350,0.18,No,35.0,3.8,549.38
2025-12-12,Store_A,Tablet,Electronics,South,1,350,0.12,No,38.0,2.9,295.98
2025-12-12,Store_C,Smartwatch,Accessories,South,14,150,0.03,Yes,,4.5,2349.03
2025-12-12,Store_A,Laptop,Electronics,North,6,700,0.22,Yes,46.0,4.8,3777.82
2025-12-12,Store_B,Tablet,Electronics,North,1,350,0.05,No,64.0,3.3,319.53
2025-12-13,Store_D,Phone,Electronics,North,12,500,0.26,No,32.0,4.4,4275.46
2025-12-13,Store_E,Headphones,Accessories,North,8,80,0.15,No,55.0,3.6,523.84
2025-12-13,Store_E,Headphones,Accessories,East,3,80,0.09,No,35.0,4.9,210.31
2025-12-15,Store_E,Smartwatch,Accessories,South,10,150,0.09,Yes,49.0,4.2,1583.77
2025-12-17,Store_C,Laptop,Electronics,West,10,700,0.12,No,57.0,4.7,5980.61
2025-12-17,Store_C,Phone,Electronics,East,13,500,0.25,No,48.0,3.5,4733.03
2025-12-17,Store_D,Headphones,Accessories,East,3,80,0.25,No,25.0,4.8,174.76
2025-12-18,Store_C,Smartwatch,Accessories,South,1,150,0.24,No,59.0,,110.91
2025-12-22,Store_C,Laptop,Electronics,North,8,700,0.19,Yes,20.0,3.8,5339.7
2025-12-22,Store_C,Tablet,Electronics,South,1,350,0.0,Yes,21.0,3.0,412.01
2025-12-24,Store_A,Phone,Electronics,West,12,500,0.12,No,36.0,3.5,5201.18
2025-12-28,Store_A,Smartwatch,Accessories,East,10,150,0.04,No,35.0,4.1,1430.34
2025-12-28,Store_B,Laptop,Electronics,East,7,700,0.03,No,38.0,2.7,4721.13
2025-12-29,Store_B,Phone,Electronics,South,7,500,0.22,No,32.0,3.8,2717.32
2025-12-31,Store_A,Laptop,Electronics,South,8,700,0.01,No,46.0,3.0,5541.14
2025-12-31,Store_A,Laptop,Electronics,North,4,700,0.25,No,63.0,3.9,2098.92
